Workbook

Sheet 278_FINAL
A1: Chr | B1: Start | C1: End | D1: Ref | E1: Alt | F1: Func.refGene | G1: Gene.refGene | H1: ExonicFunc.refGene | I1: AAChange.refGene | J1: phastConsElements46way | K1: genomicSuperDups | L1: esp6500si_all | M1: 1000g2012apr_all | N1: snp137 | O1: LJB2_SIFT | P1: LJB2_PolyPhen2_HDIV | Q1: LJB2_PP2_HDIV_Pred | R1: LJB2_PolyPhen2_HVAR | S1: LJB2_PolyPhen2_HVAR_Pred | T1: LJB2_LRT | U1: LJB2_LRT_Pred | V1: LJB2_MutationTaster | W1: LJB2_MutationTaster_Pred | X1: LJB_MutationAssessor | Y1: LJB_MutationAssessor_Pred | Z1: LJB2_FATHMM | AA1: LJB2_GERP++ | AB1: LJB2_PhyloP | AC1: LJB2_SiPhy | AD1: CADD_PHRED | AE1: GT | AF1: DP | AG1: Zygosity | AH1: Variant_ID
A2: chr3 | B2: 41275687 | C2: 41275687 | D2: C | E2: T | F2: exonic | G2: CTNNB1 | H2: nonsynonymous SNV | I2: CTNNB1:NM_001098209:exon10:c.C1582T:p.R528C,CTNNB1:NM_001098210:exon10:c.C1582T:p.R528C,CTNNB1:NM_001904:exon10:c.C1582T:p.R528C | J2: Score=686;Name=lod=820 | O2: 0.03 | P2: 1 | Q2: D | R2: 0.98 | S2: D | T2: 0 | U2: D | V2: 0.999995 | W2: D | X2: 3.345 | Y2: medium | Z2: -1.05 | AA2: 5.96 | AB2: 2.832 | AC2: 20.422 | AD2: 33 | AE2: 0/1 | AF2: 84 | AG2: Heterozygous | AH2: =A2&"_"&B2&"_"&D2&"_"&E2 -> chr3_41275687_C_T

Sheet 3347_FINAL
A1: Chr | B1: Start | C1: End | D1: Ref | E1: Alt | F1: Func.refGene | G1: Gene.refGene | H1: ExonicFunc.refGene | I1: AAChange.refGene | J1: phastConsElements46way | K1: genomicSuperDups | L1: esp6500si_all | M1: 1000g2012apr_all | N1: snp137 | O1: LJB2_SIFT | P1: LJB2_PolyPhen2_HDIV | Q1: LJB2_PP2_HDIV_Pred | R1: LJB2_PolyPhen2_HVAR | S1: LJB2_PolyPhen2_HVAR_Pred | T1: LJB2_LRT | U1: LJB2_LRT_Pred | V1: LJB2_MutationTaster | W1: LJB2_MutationTaster_Pred | X1: LJB_MutationAssessor | Y1: LJB_MutationAssessor_Pred | Z1: LJB2_FATHMM | AA1: LJB2_GERP++ | AB1: LJB2_PhyloP | AC1: LJB2_SiPhy | AD1: CADD_PHRED | AE1: GT | AF1: DP | AG1: Zygosity | AH1: Variant ID | AI1: Common hits w/ MM47
A2: chr1 | B2: 6046339 | C2: 6046339 | D2: C | E2: T | F2: exonic | G2: NPHP4 | H2: stopgain SNV | I2: NPHP4:NM_015102:exon2:c.G11A:p.W4X | J2: Score=333;Name=lod=30 | O2: 1 | P2: . | Q2: . | R2: . | S2: . | T2: 2e-06 | U2: D | V2: 1 | W2: A | X2: . | Y2: . | Z2: . | AA2: 5.41 | AB2: 2.687 | AC2: 17.0503 | AD2: 37 | AE2: 0/1 | AF2: 8 | AG2: Heterozygous | AH2: =A2&"_"&B2&"_"&D2&"_"&E2 -> chr1_6046339_C_T | AI2: =IF(ISNUMBER(MATCH(AH2,MM47_FINAL!$AH:$AH,0)),"YES","NO") -> NO
A3: chr1 | B3: 26769270 | C3: 26769270 | D3: G | E3: T | F3: exonic | G3: DHDDS | H3: nonsynonymous SNV | I3: DHDDS:NM_001243564:exon4:c.G229T:p.A77S,DHDDS:NM_001243565:exon4:c.G229T:p.A77S,DHDDS:NM_024887:exon4:c.G229T:p.A77S,DHDDS:NM_205861:exon4:c.G229T:p.A77S | J3: Score=596;Name=lod=353 | O3: 0 | P3: 1 | Q3: D | R3: 1 | S3: D | T3: 0 | U3: D | V3: 0.999977 | W3: D | X3: 3.205 | Y3: medium | Z3: 1.29 | AA3: 5.92 | AB3: 2.809 | AC3: 19.3088 | AD3: 31 | AE3: 0/1 | AF3: 23 | AG3: Heterozygous | AH3: =A3&"_"&B3&"_"&D3&"_"&E3 -> chr1_26769270_G_T | AI3: =IF(ISNUMBER(MATCH(AH3,MM47_FINAL!$AH:$AH,0)),"YES","NO") -> NO
A4: chr1 | B4: 26769294 | C4: 26769294 | D4: C | E4: G | F4: exonic | G4: DHDDS | H4: nonsynonymous SNV | I4: DHDDS:NM_001243564:exon4:c.C253G:p.R85G,DHDDS:NM_001243565:exon4:c.C253G:p.R85G,DHDDS:NM_024887:exon4:c.C253G:p.R85G,DHDDS:NM_205861:exon4:c.C253G:p.R85G | J4: Score=596;Name=lod=353 | O4: 0 | P4: 1 | Q4: D | R4: 1 | S4: D | T4: 0 | U4: D | V4: 0.999996 | W4: D | X4: 4.785 | Y4: high | Z4: -0.66 | AA4: 5.92 | AB4: 2.809 | AC4: 19.3088 | AD4: 33 | AE4: 0/1 | AF4: 18 | AG4: Heterozygous | AH4: =A4&"_"&B4&"_"&D4&"_"&E4 -> chr1_26769294_C_G | AI4: =IF(ISNUMBER(MATCH(AH4,MM47_FINAL!$AH:$AH,0)),"YES","NO") -> NO
A5: chr1 | B5: 26769295 | C5: 26769295 | D5: G | E5: T | F5: exonic | G5: DHDDS | H5: nonsynonymous SNV | I5: DHDDS:NM_001243564:exon4:c.G254T:p.R85L,DHDDS:NM_001243565:exon4:c.G254T:p.R85L,DHDDS:NM_024887:exon4:c.G254T:p.R85L,DHDDS:NM_205861:exon4:c.G254T:p.R85L | J5: Score=596;Name=lod=353 | O5: 0 | P5: 1 | Q5: D | R5: 1 | S5: D | T5: 0 | U5: D | V5: 0.999998 | W5: D | X5: 4.785 | Y5: high | Z5: -0.66 | AA5: 5.92 | AB5: 2.809 | AC5: 19.3088 | AD5: 33 | AE5: 0/1 | AF5: 17 | AG5: Heterozygous | AH5: =A5&"_"&B5&"_"&D5&"_"&E5 -> chr1_26769295_G_T | AI5: =IF(ISNUMBER(MATCH(AH5,MM47_FINAL!$AH:$AH,0)),"YES","NO") -> NO
A6: chr1 | B6: 94508360 | C6: 94508360 | D6: G | E6: C | F6: exonic | G6: ABCA4 | H6: stopgain SNV | I6: ABCA4:NM_000350:exon22:c.C3285G:p.Y1095X | J6: Score=557;Name=lod=244 | O6: 1 | P6: . | Q6: . | R6: . | S6: . | T6: 0 | U6: D | V6: 1 | W6: A | X6: . | Y6: . | Z6: . | AA6: 1.31 | AB6: 0.369 | AC6: 9.8067 | AD6: 35 | AE6: 0/1 | AF6: 27 | AG6: Heterozygous | AH6: =A6&"_"&B6&"_"&D6&"_"&E6 -> chr1_94508360_G_C | AI6: =IF(ISNUMBER(MATCH(AH6,MM47_FINAL!$AH:$AH,0)),"YES","NO") -> NO
A7: chr1 | B7: 94528171 | C7: 94528171 | D7: G | E7: C | F7: exonic | G7: ABCA4 | H7: stopgain SNV | I7: ABCA4:NM_000350:exon13:c.C1899G:p.Y633X | J7: Score=584;Name=lod=314 | O7: 1 | P7: . | Q7: . | R7: . | S7: . | T7: 0 | U7: D | V7: 1 | W7: A | X7: . | Y7: . | Z7: . | AA7: -2.67 | AB7: -0.692 | AC7: 12.3139 | AD7: 36 | AE7: 0/1 | AF7: 8 | AG7: Heterozygous | AH7: =A7&"_"&B7&"_"&D7&"_"&E7 -> chr1_94528171_G_C | AI7: =IF(ISNUMBER(MATCH(AH7,MM47_FINAL!$AH:$AH,0)),"YES","NO") -> NO
A8: chr1 | B8: 110146013 | C8: 110146013 | D8: A | E8: T | F8: exonic | G8: GNAT2 | H8: nonsynonymous SNV | I8: GNAT2:NM_005272:exon8:c.T1028A:p.I343N | J8: Score=724;Name=lod=1171 | O8: 0 | P8: 0.998 | Q8: D | R8: 0.992 | S8: D | T8: 0 | U8: D | V8: 0.999703 | W8: D | X8: 4.24 | Y8: high | Z8: -2.54 | AA8: 5.48 | AB8: 2.205 | AC8: 15.5478 | AD8: 32 | AE8: 0/1 | AF8: 6 | AG8: Heterozygous | AH8: =A8&"_"&B8&"_"&D8&"_"&E8 -> chr1_110146013_A_T | AI8: =IF(ISNUMBER(MATCH(AH8,MM47_FINAL!$AH:$AH,0)),"YES","NO") -> NO
A9: chr1 | B9: 150300866 | C9: 150300866 | D9: G | E9: T | F9: exonic | G9: PRPF3 | H9: stopgain SNV | I9: PRPF3:NM_004698:exon4:c.G364T:p.E122X | J9: Score=482;Name=lod=121 | O9: 0.65 | P9: . | Q9: . | R9: . | S9: . | T9: 7e-06 | U9: D | V9: 1 | W9: A | X9: . | Y9: . | Z9: . | AA9: 5.91 | AB9: 2.802 | AC9: 19.8933 | AD9: 39 | AE9: 0/1 | AF9: 10 | AG9: Heterozygous | AH9: =A9&"_"&B9&"_"&D9&"_"&E9 -> chr1_150300866_G_T | AI9: =IF(ISNUMBER(MATCH(AH9,MM47_FINAL!$AH:$AH,0)),"YES","NO") -> NO
A10: chr1 | B10: 150307650 | C10: 150307650 | D10: C | E10: T | F10: exonic | G10: PRPF3 | H10: nonsynonymous SNV | I10: PRPF3:NM_004698:exon7:c.C973T:p.R325C | J10: Score=549;Name=lod=227 | O10: 0 | P10: 1 | Q10: D | R10: 0.998 | S10: D | T10: 2e-06 | U10: D | V10: 0.995791 | W10: D | X10: 3.565 | Y10: high | Z10: -2.19 | AA10: 5.63 | AB10: 2.808 | AC10: 14.8476 | AD10: 33 | AE10: 0/1 | AF10: 9 | AG10: Heterozygous | AH10: =A10&"_"&B10&"_"&D10&"_"&E10 -> chr1_150307650_C_T | AI10: =IF(ISNUMBER(MATCH(AH10,MM47_FINAL!$AH:$AH,0)),"YES","NO") -> NO
A11: chr2 | B11: 27700166 | C11: 27700166 | D11: C | E11: T | F11: exonic | G11: IFT172 | H11: nonsynonymous SNV | I11: IFT172:NM_015662:exon13:c.G1243A:p.G415R | J11: Score=538;Name=lod=204 | O11: 0 | P11: 1 | Q11: D | R11: 0.992 | S11: D | T11: 0 | U11: D | V11: 0.999984 | W11: D | X11: 3.11 | Y11: medium | Z11: 2.59 | AA11: 5.83 | AB11: 2.758 | AC11: 18.6658 | AD11: 32 | AE11: 0/1 | AF11: 19 | AG11: Heterozygous | AH11: =A11&"_"&B11&"_"&D11&"_"&E11 -> chr2_27700166_C_T | AI11: =IF(ISNUMBER(MATCH(AH11,MM47_FINAL!$AH:$AH,0)),"YES","NO") -> NO
A12: chr2 | B12: 73675671 | C12: 73675671 | D12: G | E12: T | F12: exonic | G12: ALMS1 | H12: stopgain SNV | I12: ALMS1:NM_015120:exon8:c.G2014T:p.E672X | O12: 0.25 | P12: . | Q12: . | R12: . | S12: . | T12: 0.009115 | U12: N | V12: 1 | W12: A | X12: . | Y12: . | Z12: . | AA12: 3.24 | AB12: 1.33 | AC12: 7.858 | AD12: 32 | AE12: 0/1 | AF12: 16 | AG12: Heterozygous | AH12: =A12&"_"&B12&"_"&D12&"_"&E12 -> chr2_73675671_G_T | AI12: =IF(ISNUMBER(MATCH(AH12,MM47_FINAL!$AH:$AH,0)),"YES","NO") -> NO
A13: chr2 | B13: 96940818 | C13: 96940818 | D13: C | E13: T | F13: exonic | G13: SNRNP200 | H13: nonsynonymous SNV | I13: SNRNP200:NM_014014:exon45:c.G6343A:p.G2115R | J13: Score=545;Name=lod=218 | O13: 0 | P13: 1 | Q13: D | R13: 0.999 | S13: D | T13: 0 | U13: D | V13: 0.999995 | W13: D | X13: 3.735 | Y13: high | Z13: -0.71 | AA13: 5.49 | AB13: 2.592 | AC13: 16.9638 | AD13: 31 | AE13: 0/1 | AF13: 7 | AG13: Heterozygous | AH13: =A13&"_"&B13&"_"&D13&"_"&E13 -> chr2_96940818_C_T | AI13: =IF(ISNUMBER(MATCH(AH13,MM47_FINAL!$AH:$AH,0)),"YES","NO") -> NO
A14: chr2 | B14: 96959142 | C14: 96959142 | D14: C | E14: A | F14: exonic | G14: SNRNP200 | H14: nonsynonymous SNV | I14: SNRNP200:NM_014014:exon15:c.G1948T:p.G650C | J14: Score=659;Name=lod=634 | O14: 0 | P14: 1 | Q14: D | R14: 0.998 | S14: D | T14: 0 | U14: D | V14: 0.999998 | W14: D | X14: 3.48 | Y14: medium | Z14: 0.88 | AA14: 6.17 | AB14: 2.941 | AC14: 19.6509 | AD14: 33 | AE14: 0/1 | AF14: 9 | AG14: Heterozygous | AH14: =A14&"_"&B14&"_"&D14&"_"&E14 -> chr2_96959142_C_A | AI14: =IF(ISNUMBER(MATCH(AH14,MM47_FINAL!$AH:$AH,0)),"YES","NO") -> NO
A15: chr2 | B15: 97462830 | C15: 97462830 | D15: C | E15: T | F15: exonic | G15: CNNM4 | H15: nonsynonymous SNV | I15: CNNM4:NM_020184:exon2:c.C1484T:p.T495I | J15: Score=623;Name=lod=454 | O15: 0 | P15: 1 | Q15: D | R15: 1 | S15: D | T15: 0 | U15: D | V15: 0.998976 | W15: D | X15: 4.35 | Y15: high | Z15: -3.79 | AA15: 5.1 | AB15: 2.546 | AC15: 17.6409 | AD15: 32 | AE15: 1/1 | AF15: 1 | AG15: Homozygous_alt | AH15: =A15&"_"&B15&"_"&D15&"_"&E15 -> chr2_97462830_C_T | AI15: =IF(ISNUMBER(MATCH(AH15,MM47_FINAL!$AH:$AH,0)),"YES","NO") -> NO
A16: chr2 | B16: 234969123 | C16: 234969123 | D16: G | E16: T | F16: exonic | G16: SPP2 | H16: nonsynonymous SNV | I16: SPP2:NM_006944:exon4:c.G444T:p.E148D | J16: Score=381;Name=lod=47 | O16: 0.04 | P16: 0.999 | Q16: D | R16: 0.997 | S16: D | T16: 0 | U16: D | V16: . | W16: . | X16: 2.19 | Y16: medium | Z16: 0.42 | AA16: 5.28 | AB16: 2.454 | AC16: 14.4284 | AD16: 32 | AE16: 0/1 | AF16: 11 | AG16: Heterozygous | AH16: =A16&"_"&B16&"_"&D16&"_"&E16 -> chr2_234969123_G_T | AI16: =IF(ISNUMBER(MATCH(AH16,MM47_FINAL!$AH:$AH,0)),"YES","NO") -> NO
A17: chr3 | B17: 14509690 | C17: 14509690 | D17: G | E17: T | F17: exonic | G17: SLC6A6 | H17: nonsynonymous SNV | I17: SLC6A6:NM_001134367:exon9:c.G1066T:p.G356C,SLC6A6:NM_003043:exon9:c.G1066T:p.G356C | J17: Score=767;Name=lod=1753 | O17: 0 | P17: 1 | Q17: D | R17: 1 | S17: D | T17: 1e-06 | U17: D | V17: 0.994219 | W17: D | X17: 4.11 | Y17: high | Z17: -1.07 | AA17: 5 | AB17: 2.311 | AC17: 18.2995 | AD17: 33 | AE17: 1/1 | AF17: 1 | AG17: Homozygous_alt | AH17: =A17&"_"&B17&"_"&D17&"_"&E17 -> chr3_14509690_G_T | AI17: =IF(ISNUMBER(MATCH(AH17,MM47_FINAL!$AH:$AH,0)),"YES","NO") -> NO
A18: chr3 | B18: 14509691 | C18: 14509691 | D18: G | E18: A | F18: exonic | G18: SLC6A6 | H18: nonsynonymous SNV | I18: SLC6A6:NM_001134367:exon9:c.G1067A:p.G356D,SLC6A6:NM_003043:exon9:c.G1067A:p.G356D | J18: Score=767;Name=lod=1753 | O18: 0.01 | P18: 0.999 | Q18: D | R18: 0.989 | S18: D | T18: 1e-06 | U18: D | V18: 0.983687 | W18: D | X18: 2.76 | Y18: medium | Z18: -0.94 | AA18: 5 | AB18: 2.311 | AC18: 18.2995 | AD18: 31 | AE18: 1/1 | AF18: 1 | AG18: Homozygous_alt | AH18: =A18&"_"&B18&"_"&D18&"_"&E18 -> chr3_14509691_G_A | AI18: =IF(ISNUMBER(MATCH(AH18,MM47_FINAL!$AH:$AH,0)),"YES","NO") -> NO
A19: chr3 | B19: 27439188 | C19: 27439188 | D19: G | E19: T | F19: exonic | G19: SLC4A7 | H19: nonsynonymous SNV | I19: SLC4A7:NM_001258379:exon17:c.C2306A:p.P769H,SLC4A7:NM_001258380:exon17:c.C2291A:p.P764H,SLC4A7:NM_003615:exon18:c.C2663A:p.P888H | J19: Score=644;Name=lod=551 | O19: 0 | P19: 1 | Q19: D | R19: 1 | S19: D | T19: 0 | U19: D | V19: 0.999751 | W19: D | X19: 3.3 | Y19: medium | Z19: -3.32 | AA19: 5.71 | AB19: 2.712 | AC19: 19.9139 | AD19: 32 | AE19: 0/1 | AF19: 13 | AG19: Heterozygous | AH19: =A19&"_"&B19&"_"&D19&"_"&E19 -> chr3_27439188_G_T | AI19: =IF(ISNUMBER(MATCH(AH19,MM47_FINAL!$AH:$AH,0)),"YES","NO") -> NO
A20: chr3 | B20: 45867820 | C20: 45867820 | D20: C | E20: A | F20: exonic | G20: LZTFL1 | H20: stopgain SNV | I20: LZTFL1:NM_020347:exon10:c.G886T:p.E296X,LZTFL1:NM_001276378:exon12:c.G835T:p.E279X | J20: Score=361;Name=lod=39 | O20: 0.01 | P20: . | Q20: . | R20: . | S20: . | T20: 0 | U20: D | V20: . | W20: . | X20: . | Y20: . | Z20: . | AA20: 4.52 | AB20: 1.411 | AC20: 9.025 | AD20: 38 | AE20: 0/1 | AF20: 8 | AG20: Heterozygous | AH20: =A20&"_"&B20&"_"&D20&"_"&E20 -> chr3_45867820_C_A | AI20: =IF(ISNUMBER(MATCH(AH20,MM47_FINAL!$AH:$AH,0)),"YES","NO") -> NO
A21: chr3 | B21: 93624882 | C21: 93624882 | D21: C | E21: A | F21: exonic | G21: PROS1 | H21: nonsynonymous SNV | I21: PROS1:NM_000313:exon5:c.G452T:p.G151V | J21: Score=443;Name=lod=84 | K21: Score=0.948912;Name=chr3:90246336 | L21: 7.7e-05 | O21: 0 | P21: 1 | Q21: D | R21: 1 | S21: D | T21: 3.2e-05 | U21: D | V21: 3e-06 | W21: N | X21: 4.03 | Y21: high | Z21: -5.45 | AA21: 4.44 | AB21: 2.314 | AC21: 17.2572 | AD21: 31 | AE21: 0/1 | AF21: 8 | AG21: Heterozygous | AH21: =A21&"_"&B21&"_"&D21&"_"&E21 -> chr3_93624882_C_A | AI21: =IF(ISNUMBER(MATCH(AH21,MM47_FINAL!$AH:$AH,0)),"YES","NO") -> NO
A22: chr3 | B22: 121489220 | C22: 121489220 | D22: A | E22: T | F22: exonic | G22: IQCB1 | H22: stopgain SNV | I22: IQCB1:NM_001023571:exon12:c.T1370A:p.L457X,IQCB1:NM_001023570:exon15:c.T1769A:p.L590X | J22: Score=420;Name=lod=68 | O22: 1 | P22: . | Q22: . | R22: . | S22: . | T22: 0.000299 | U22: D | V22: 0.999719 | W22: D | X22: . | Y22: . | Z22: . | AA22: 5.49 | AB22: 2.304 | AC22: 11.909 | AD22: 36 | AE22: 0/1 | AF22: 4 | AG22: Heterozygous | AH22: =A22&"_"&B22&"_"&D22&"_"&E22 -> chr3_121489220_A_T | AI22: =IF(ISNUMBER(MATCH(AH22,MM47_FINAL!$AH:$AH,0)),"YES","NO") -> NO
A23: chr3 | B23: 121516036 | C23: 121516036 | D23: C | E23: A | F23: exonic | G23: IQCB1 | H23: stopgain SNV | I23: IQCB1:NM_001023570:exon9:c.G805T:p.E269X | J23: Score=450;Name=lod=90 | O23: 0.48 | P23: . | Q23: . | R23: . | S23: . | T23: 3e-06 | U23: D | V23: 1 | W23: A | X23: . | Y23: . | Z23: . | AA23: 2.54 | AB23: 0.787 | AC23: 6.9482 | AD23: 34 | AE23: 0/1 | AF23: 10 | AG23: Heterozygous | AH23: =A23&"_"&B23&"_"&D23&"_"&E23 -> chr3_121516036_C_A | AI23: =IF(ISNUMBER(MATCH(AH23,MM47_FINAL!$AH:$AH,0)),"YES","NO") -> NO
A24: chr3 | B24: 150690486 | C24: 150690486 | D24: G | E24: A | F24: exonic | G24: CLRN1 | H24: stopgain SNV | I24: CLRN1:NM_001195794:exon1:c.C10T:p.Q4X,CLRN1:NM_001256819:exon1:c.C10T:p.Q4X,CLRN1:NM_174878:exon1:c.C10T:p.Q4X | J24: Score=495;Name=lod=137 | O24: 0.44 | P24: . | Q24: . | R24: . | S24: . | T24: 0.001376 | U24: N | V24: 1 | W24: A | X24: . | Y24: . | Z24: . | AA24: 4.62 | AB24: 2.618 | AC24: 8.7265 | AD24: 38 | AE24: 0/1 | AF24: 22 | AG24: Heterozygous | AH24: =A24&"_"&B24&"_"&D24&"_"&E24 -> chr3_150690486_G_A | AI24: =IF(ISNUMBER(MATCH(AH24,MM47_FINAL!$AH:$AH,0)),"YES","NO") -> NO
A25: chr3 | B25: 184072350 | C25: 184072350 | D25: C | E25: T | F25: exonic | G25: CLCN2 | H25: nonsynonymous SNV | I25: CLCN2:NM_001171088:exon13:c.G1361A:p.G454D,CLCN2:NM_001171087:exon14:c.G1442A:p.G481D,CLCN2:NM_001171089:exon14:c.G1493A:p.G498D,CLCN2:NM_004366:exon14:c.G1493A:p.G498D | J25: Score=435;Name=lod=78 | O25: 0.01 | P25: 0.999 | Q25: D | R25: 0.985 | S25: D | T25: 6e-06 | U25: D | V25: . | W25: . | X25: 3.295 | Y25: medium | Z25: -2.66 | AA25: 5.02 | AB25: 2.342 | AC25: 17.9675 | AD25: 31 | AE25: 0/1 | AF25: 7 | AG25: Heterozygous | AH25: =A25&"_"&B25&"_"&D25&"_"&E25 -> chr3_184072350_C_T | AI25: =IF(ISNUMBER(MATCH(AH25,MM47_FINAL!$AH:$AH,0)),"YES","NO") -> NO
A26: chr3 | B26: 193343911 | C26: 193343911 | D26: C | E26: T | F26: exonic | G26: OPA1 | H26: stopgain SNV | I26: OPA1:NM_130833:exon5:c.C547T:p.Q183X,OPA1:NM_130835:exon6:c.C601T:p.Q201X,OPA1:NM_130836:exon6:c.C655T:p.Q219X,OPA1:NM_130837:exon7:c.C709T:p.Q237X | J26: Score=681;Name=lod=782 | O26: 1 | P26: . | Q26: . | R26: . | S26: . | T26: 0.025583 | U26: N | V26: 1 | W26: A | X26: . | Y26: . | Z26: . | AA26: 5.74 | AB26: 2.732 | AC26: 14.518 | AD26: 41 | AE26: 0/1 | AF26: 19 | AG26: Heterozygous | AH26: =A26&"_"&B26&"_"&D26&"_"&E26 -> chr3_193343911_C_T | AI26: =IF(ISNUMBER(MATCH(AH26,MM47_FINAL!$AH:$AH,0)),"YES","NO") -> NO
A27: chr3 | B27: 195968940 | C27: 195968940 | D27: C | E27: A | F27: exonic | G27: PCYT1A | H27: nonsynonymous SNV | I27: PCYT1A:NM_005017:exon8:c.G587T:p.R196M | J27: Score=666;Name=lod=676 | O27: 0 | P27: 0.996 | Q27: D | R27: 0.906 | S27: P | T27: 0 | U27: D | V27: 0.9998 | W27: D | X27: 4.54 | Y27: high | Z27: . | AA27: 5.65 | AB27: 2.685 | AC27: 18.7797 | AD27: 34 | AE27: 0/1 | AF27: 12 | AG27: Heterozygous | AH27: =A27&"_"&B27&"_"&D27&"_"&E27 -> chr3_195968940_C_A | AI27: =IF(ISNUMBER(MATCH(AH27,MM47_FINAL!$AH:$AH,0)),"YES","NO") -> NO
A28: chr3 | B28: 195968943 | C28: 195968943 | D28: T | E28: A | F28: exonic | G28: PCYT1A | H28: nonsynonymous SNV | I28: PCYT1A:NM_005017:exon8:c.A584T:p.Q195L | J28: Score=666;Name=lod=676 | O28: 0 | P28: 0.935 | Q28: P | R28: 0.605 | S28: P | T28: 0 | U28: D | V28: 0.990866 | W28: D | X28: 2.87 | Y28: medium | Z28: . | AA28: 5.65 | AB28: 2.169 | AC28: 15.1136 | AD28: 32 | AE28: 0/1 | AF28: 12 | AG28: Heterozygous | AH28: =A28&"_"&B28&"_"&D28&"_"&E28 -> chr3_195968943_T_A | AI28: =IF(ISNUMBER(MATCH(AH28,MM47_FINAL!$AH:$AH,0)),"YES","NO") -> NO
A29: chr4 | B29: 15542602 | C29: 15542602 | D29: C | E29: T | F29: exonic | G29: CC2D2A | H29: stopgain SNV | I29: CC2D2A:NM_001080522:exon18:c.C2146T:p.Q716X | J29: Score=541;Name=lod=211 | O29: 0.95 | P29: . | Q29: . | R29: . | S29: . | T29: 4e-06 | U29: D | V29: 1 | W29: A | X29: . | Y29: . | Z29: . | AA29: 4.09 | AB29: 1.207 | AC29: 15.0518 | AD29: 38 | AE29: 0/1 | AF29: 8 | AG29: Heterozygous | AH29: =A29&"_"&B29&"_"&D29&"_"&E29 -> chr4_15542602_C_T | AI29: =IF(ISNUMBER(MATCH(AH29,MM47_FINAL!$AH:$AH,0)),"YES","NO") -> NO
A30: chr5 | B30: 38458465 | C30: 38458465 | D30: G | E30: A | F30: exonic | G30: EGFLAM | H30: nonsynonymous SNV | I30: EGFLAM:NM_182801:exon4:c.G169A:p.D57N,EGFLAM:NM_182798:exon15:c.G2038A:p.D680N,EGFLAM:NM_152403:exon20:c.G2740A:p.D914N,EGFLAM:NM_001205301:exon21:c.G2764A:p.D922N | J30: Score=517;Name=lod=168 | L30: 0.000308 | N30: rs148613168 | O30: 0.06 | P30: 1 | Q30: D | R30: 1 | S30: D | T30: 0 | U30: D | V30: 0.998487 | W30: D | X30: 2.285 | Y30: medium | Z30: -1.62 | AA30: 5.46 | AB30: 2.721 | AC30: 19.6604 | AD30: 32 | AE30: 0/1 | AF30: 37 | AG30: Heterozygous | AH30: =A30&"_"&B30&"_"&D30&"_"&E30 -> chr5_38458465_G_A | AI30: =IF(ISNUMBER(MATCH(AH30,MM47_FINAL!$AH:$AH,0)),"YES","NO") -> YES
A31: chr5 | B31: 92929435 | C31: 92929435 | D31: C | E31: A | F31: exonic | G31: NR2F1 | H31: nonsynonymous SNV | I31: NR2F1:NM_005654:exon3:c.C1159A:p.Q387K | J31: Score=721;Name=lod=1133 | O31: 0.02 | P31: 0.998 | Q31: D | R31: 0.994 | S31: D | T31: 0 | U31: D | V31: 0.974882 | W31: D | X31: 1.905 | Y31: medium | Z31: -4.59 | AA31: 6.17 | AB31: 2.941 | AC31: 20.4898 | AD31: 32 | AE31: 0/1 | AF31: 17 | AG31: Heterozygous | AH31: =A31&"_"&B31&"_"&D31&"_"&E31 -> chr5_92929435_C_A | AI31: =IF(ISNUMBER(MATCH(AH31,MM47_FINAL!$AH:$AH,0)),"YES","NO") -> NO
A32: chr5 | B32: 138145869 | C32: 138145869 | D32: C | E32: G | F32: exonic | G32: CTNNA1 | H32: stopgain SNV | I32: CTNNA1:NM_001903:exon4:c.C444G:p.Y148X | J32: Score=703;Name=lod=955 | O32: . | P32: . | Q32: . | R32: . | S32: . | T32: 0 | U32: D | V32: 1 | W32: A | X32: . | Y32: . | Z32: . | AA32: 4.59 | AB32: 2.715 | AC32: 14.8511 | AD32: 37 | AE32: 0/1 | AF32: 23 | AG32: Heterozygous | AH32: =A32&"_"&B32&"_"&D32&"_"&E32 -> chr5_138145869_C_G | AI32: =IF(ISNUMBER(MATCH(AH32,MM47_FINAL!$AH:$AH,0)),"YES","NO") -> NO
A33: chr5 | B33: 138269752 | C33: 138269752 | D33: G | E33: T | F33: exonic | G33: CTNNA1 | H33: stopgain SNV | I33: CTNNA1:NM_001903:exon18:c.G2695T:p.E899X | J33: Score=509;Name=lod=156 | O33: 0 | P33: . | Q33: . | R33: . | S33: . | T33: 0 | U33: D | V33: 0.999381 | W33: D | X33: . | Y33: . | Z33: . | AA33: 4.77 | AB33: 2.488 | AC33: 17.5866 | AD33: 41 | AE33: 1/1 | AF33: 1 | AG33: Homozygous_alt | AH33: =A33&"_"&B33&"_"&D33&"_"&E33 -> chr5_138269752_G_T | AI33: =IF(ISNUMBER(MATCH(AH33,MM47_FINAL!$AH:$AH,0)),"YES","NO") -> NO
A34: chr5 | B34: 149294570 | C34: 149294570 | D34: C | E34: A | F34: exonic | G34: PDE6A | H34: stopgain SNV | I34: PDE6A:NM_000440:exon6:c.G934T:p.E312X | J34: Score=590;Name=lod=333 | O34: 0.23 | P34: . | Q34: . | R34: . | S34: . | T34: 0 | U34: D | V34: 1 | W34: A | X34: . | Y34: . | Z34: . | AA34: 5.19 | AB34: 2.578 | AC34: 16.5661 | AD34: 55 | AE34: 0/1 | AF34: 12 | AG34: Heterozygous | AH34: =A34&"_"&B34&"_"&D34&"_"&E34 -> chr5_149294570_C_A | AI34: =IF(ISNUMBER(MATCH(AH34,MM47_FINAL!$AH:$AH,0)),"YES","NO") -> NO
A35: chr5 | B35: 178419051 | C35: 178419051 | D35: C | E35: G | F35: exonic | G35: GRM6 | H35: nonsynonymous SNV | I35: GRM6:NM_000843:exon2:c.G538C:p.E180Q | J35: Score=587;Name=lod=324 | O35: 0.42 | P35: 0.975 | Q35: D | R35: 0.984 | S35: D | T35: . | U35: . | V35: 0 | W35: N | X35: 2.495 | Y35: medium | Z35: -1.49 | AA35: 5.48 | AB35: 2.746 | AC35: 17.2396 | AD35: 31 | AE35: 0/1 | AF35: 9 | AG35: Heterozygous | AH35: =A35&"_"&B35&"_"&D35&"_"&E35 -> chr5_178419051_C_G | AI35: =IF(ISNUMBER(MATCH(AH35,MM47_FINAL!$AH:$AH,0)),"YES","NO") -> NO
A36: chr6 | B36: 35478746 | C36: 35478746 | D36: C | E36: A | F36: exonic | G36: TULP1 | H36: stopgain SNV | I36: TULP1:NM_003322:exon5:c.G391T:p.E131X | O36: 0.74 | P36: . | Q36: . | R36: . | S36: . | T36: 0.911746 | U36: N | V36: 1 | W36: A | X36: . | Y36: . | Z36: . | AA36: 3.06 | AB36: 0.981 | AC36: 6.7489 | AD36: 34 | AE36: 0/1 | AF36: 14 | AG36: Heterozygous | AH36: =A36&"_"&B36&"_"&D36&"_"&E36 -> chr6_35478746_C_A | AI36: =IF(ISNUMBER(MATCH(AH36,MM47_FINAL!$AH:$AH,0)),"YES","NO") -> NO
A37: chr6 | B37: 42156367 | C37: 42156367 | D37: C | E37: A | F37: exonic | G37: GUCA1B | H37: nonsynonymous SNV | I37: GUCA1B:NM_002098:exon2:c.G310T:p.D104Y | J37: Score=674;Name=lod=731 | O37: 0 | P37: 1 | Q37: D | R37: 1 | S37: D | T37: 0 | U37: D | V37: 1 | W37: D | X37: 3.82 | Y37: high | Z37: -0.14 | AA37: 4.87 | AB37: 2.616 | AC37: 16.3185 | AD37: 31 | AE37: 0/1 | AF37: 7 | AG37: Heterozygous | AH37: =A37&"_"&B37&"_"&D37&"_"&E37 -> chr6_42156367_C_A | AI37: =IF(ISNUMBER(MATCH(AH37,MM47_FINAL!$AH:$AH,0)),"YES","NO") -> NO
A38: chr6 | B38: 121563347 | C38: 121563347 | D38: C | E38: A | F38: exonic | G38: TBC1D32 | H38: nonsynonymous SNV | I38: TBC1D32:NM_152730:exon18:c.G2157T:p.Q719H | J38: Score=659;Name=lod=636 | O38: . | P38: 1 | Q38: D | R38: 0.997 | S38: D | T38: 0 | U38: D | V38: 0.894034 | W38: D | X38: 2.295 | Y38: medium | Z38: 1.81 | AA38: 5 | AB38: 2.492 | AC38: 18.2399 | AD38: 34 | AE38: 0/1 | AF38: 12 | AG38: Heterozygous | AH38: =A38&"_"&B38&"_"&D38&"_"&E38 -> chr6_121563347_C_A | AI38: =IF(ISNUMBER(MATCH(AH38,MM47_FINAL!$AH:$AH,0)),"YES","NO") -> NO
A39: chr7 | B39: 128037029 | C39: 128037029 | D39: G | E39: C | F39: exonic | G39: IMPDH1 | H39: stopgain SNV | I39: IMPDH1:NM_001142575:exon7:c.C792G:p.Y264X,IMPDH1:NM_001142573:exon8:c.C867G:p.Y289X,IMPDH1:NM_001142574:exon8:c.C852G:p.Y284X,IMPDH1:NM_183243:exon9:c.C1014G:p.Y338X,IMPDH1:NM_001102605:exon10:c.C1092G:p.Y364X,IMPDH1:NM_001142576:exon10:c.C1023G:p.Y341X,IMPDH1:NM_000883:exon11:c.C1122G:p.Y374X | J39: Score=616;Name=lod=426 | O39: 1 | P39: . | Q39: . | R39: . | S39: . | T39: 0 | U39: D | V39: 1 | W39: A | X39: . | Y39: . | Z39: . | AA39: 0.02 | AB39: -0.051 | AC39: 8.881 | AD39: 36 | AE39: 0/1 | AF39: 8 | AG39: Heterozygous | AH39: =A39&"_"&B39&"_"&D39&"_"&E39 -> chr7_128037029_G_C | AI39: =IF(ISNUMBER(MATCH(AH39,MM47_FINAL!$AH:$AH,0)),"YES","NO") -> NO
A40: chr7 | B40: 128038580 | C40: 128038580 | D40: G | E40: A | F40: exonic | G40: IMPDH1 | H40: nonsynonymous SNV | I40: IMPDH1:NM_001142575:exon6:c.C632T:p.A211V,IMPDH1:NM_001142573:exon7:c.C707T:p.A236V,IMPDH1:NM_001142574:exon7:c.C692T:p.A231V,IMPDH1:NM_183243:exon8:c.C854T:p.A285V,IMPDH1:NM_001102605:exon9:c.C932T:p.A311V,IMPDH1:NM_001142576:exon9:c.C863T:p.A288V,IMPDH1:NM_000883:exon10:c.C962T:p.A321V | J40: Score=643;Name=lod=545 | O40: 0 | P40: 0.997 | Q40: D | R40: 0.926 | S40: D | T40: 0 | U40: D | V40: 0.999995 | W40: D | X40: 3.82 | Y40: high | Z40: -1.3 | AA40: 5.29 | AB40: 2.489 | AC40: 16.4619 | AD40: 31 | AE40: 1/1 | AF40: 1 | AG40: Homozygous_alt | AH40: =A40&"_"&B40&"_"&D40&"_"&E40 -> chr7_128038580_G_A | AI40: =IF(ISNUMBER(MATCH(AH40,MM47_FINAL!$AH:$AH,0)),"YES","NO") -> NO
A41: chr7 | B41: 140043214 | C41: 140043214 | D41: G | E41: T | F41: exonic | G41: SLC37A3 | H41: nonsynonymous SNV | I41: SLC37A3:NM_207113:exon13:c.C1324A:p.Q442K | J41: Score=466;Name=lod=104 | O41: 0.12 | P41: 1 | Q41: D | R41: 0.993 | S41: D | T41: 0 | U41: D | V41: 0.995411 | W41: D | X41: 2.69 | Y41: medium | Z41: -0.31 | AA41: 5.51 | AB41: 2.593 | AC41: 19.451 | AD41: 33 | AE41: 0/1 | AF41: 8 | AG41: Heterozygous | AH41: =A41&"_"&B41&"_"&D41&"_"&E41 -> chr7_140043214_G_T | AI41: =IF(ISNUMBER(MATCH(AH41,MM47_FINAL!$AH:$AH,0)),"YES","NO") -> NO
A42: chr7 | B42: 140043225 | C42: 140043225 | D42: G | E42: T | F42: exonic | G42: SLC37A3 | H42: nonsynonymous SNV | I42: SLC37A3:NM_207113:exon13:c.C1313A:p.A438D | J42: Score=449;Name=lod=89 | O42: 0 | P42: 0.999 | Q42: D | R42: 0.994 | S42: D | T42: 2e-06 | U42: D | V42: . | W42: . | X42: 3.28 | Y42: medium | Z42: -0.51 | AA42: 5.51 | AB42: 2.593 | AC42: 19.451 | AD42: 33 | AE42: 0/1 | AF42: 13 | AG42: Heterozygous | AH42: =A42&"_"&B42&"_"&D42&"_"&E42 -> chr7_140043225_G_T | AI42: =IF(ISNUMBER(MATCH(AH42,MM47_FINAL!$AH:$AH,0)),"YES","NO") -> NO
A43: chr8 | B43: 87588114 | C43: 87588114 | D43: G | E43: T | F43: exonic | G43: CNGB3 | H43: stopgain SNV | I43: CNGB3:NM_019098:exon18:c.C2348A:p.S783X | J43: Score=387;Name=lod=50 | O43: 1 | P43: . | Q43: . | R43: . | S43: . | T43: 6.6e-05 | U43: D | V43: 0.999768 | W43: D | X43: . | Y43: . | Z43: . | AA43: 5.03 | AB43: 1.483 | AC43: 12.7635 | AD43: 37 | AE43: 0/1 | AF43: 26 | AG43: Heterozygous | AH43: =A43&"_"&B43&"_"&D43&"_"&E43 -> chr8_87588114_G_T | AI43: =IF(ISNUMBER(MATCH(AH43,MM47_FINAL!$AH:$AH,0)),"YES","NO") -> YES
A44: chr8 | B44: 105263954 | C44: 105263954 | D44: C | E44: T | F44: exonic | G44: RIMS2 | H44: nonsynonymous SNV | I44: RIMS2:NM_014677:exon22:c.C3398T:p.S1133F,RIMS2:NM_001100117:exon24:c.C3956T:p.S1319F | J44: Score=641;Name=lod=539 | O44: 0 | P44: 1 | Q44: D | R44: 0.997 | S44: D | T44: . | U44: . | V44: . | W44: . | X44: 2.34 | Y44: medium | Z44: -1.16 | AA44: 5.64 | AB44: 2.66 | AC44: 19.6939 | AD44: 32 | AE44: 0/1 | AF44: 32 | AG44: Heterozygous | AH44: =A44&"_"&B44&"_"&D44&"_"&E44 -> chr8_105263954_C_T | AI44: =IF(ISNUMBER(MATCH(AH44,MM47_FINAL!$AH:$AH,0)),"YES","NO") -> NO
A45: chr9 | B45: 116045679 | C45: 116045679 | D45: C | E45: A | F45: exonic | G45: PRPF4 | H45: nonsynonymous SNV | I45: PRPF4:NM_001244926:exon6:c.C571A:p.R191S,PRPF4:NM_004697:exon6:c.C574A:p.R192S | J45: Score=554;Name=lod=238 | O45: 0 | P45: 1 | Q45: D | R45: 0.994 | S45: D | T45: 4.4e-05 | U45: D | V45: 0.999999 | W45: D | X45: 2.995 | Y45: medium | Z45: -1.29 | AA45: 5.35 | AB45: 2.503 | AC45: 18.0906 | AD45: 31 | AE45: 0/1 | AF45: 21 | AG45: Heterozygous | AH45: =A45&"_"&B45&"_"&D45&"_"&E45 -> chr9_116045679_C_A | AI45: =IF(ISNUMBER(MATCH(AH45,MM47_FINAL!$AH:$AH,0)),"YES","NO") -> YES
A46: chr9 | B46: 116045680 | C46: 116045680 | D46: G | E46: A | F46: exonic | G46: PRPF4 | H46: nonsynonymous SNV | I46: PRPF4:NM_001244926:exon6:c.G572A:p.R191H,PRPF4:NM_004697:exon6:c.G575A:p.R192H | J46: Score=554;Name=lod=238 | N46: rs41296057 | O46: 0 | P46: 1 | Q46: D | R46: 0.998 | S46: D | T46: 4.4e-05 | U46: D | V46: 0.999999 | W46: D | X46: 2.995 | Y46: medium | Z46: -1.31 | AA46: 5.35 | AB46: 2.503 | AC46: 18.0906 | AD46: 33 | AE46: 0/1 | AF46: 19 | AG46: Heterozygous | AH46: =A46&"_"&B46&"_"&D46&"_"&E46 -> chr9_116045680_G_A | AI46: =IF(ISNUMBER(MATCH(AH46,MM47_FINAL!$AH:$AH,0)),"YES","NO") -> YES
A47: chr9 | B47: 116045688 | C47: 116045688 | D47: G | E47: T | F47: exonic | G47: PRPF4 | H47: stopgain SNV | I47: PRPF4:NM_001244926:exon6:c.G580T:p.E194X,PRPF4:NM_004697:exon6:c.G583T:p.E195X | J47: Score=554;Name=lod=238 | O47: 0.7 | P47: . | Q47: . | R47: . | S47: . | T47: 2.3e-05 | U47: D | V47: 1 | W47: A | X47: . | Y47: . | Z47: . | AA47: 5.35 | AB47: 2.503 | AC47: 18.0906 | AD47: 43 | AE47: 0/1 | AF47: 17 | AG47: Heterozygous | AH47: =A47&"_"&B47&"_"&D47&"_"&E47 -> chr9_116045688_G_T | AI47: =IF(ISNUMBER(MATCH(AH47,MM47_FINAL!$AH:$AH,0)),"YES","NO") -> NO
A48: chr10 | B48: 18254487 | C48: 18254487 | D48: C | E48: T | F48: exonic | G48: SLC39A12 | H48: stopgain SNV | I48: SLC39A12:NM_001145195:exon4:c.C619T:p.Q207X,SLC39A12:NM_152725:exon4:c.C619T:p.Q207X | O48: 0.36 | P48: . | Q48: . | R48: . | S48: . | T48: 0.324207 | U48: N | V48: 1 | W48: A | X48: . | Y48: . | Z48: . | AA48: 3.06 | AB48: 0.87 | AC48: 9.1372 | AD48: 35 | AE48: 0/1 | AF48: 13 | AG48: Heterozygous | AH48: =A48&"_"&B48&"_"&D48&"_"&E48 -> chr10_18254487_C_T | AI48: =IF(ISNUMBER(MATCH(AH48,MM47_FINAL!$AH:$AH,0)),"YES","NO") -> NO
A49: chr10 | B49: 70998837 | C49: 70998837 | D49: G | E49: T | F49: exonic | G49: HKDC1 | H49: stopgain SNV | I49: HKDC1:NM_025130:exon5:c.G535T:p.G179X | J49: Score=437;Name=lod=80 | O49: 0 | P49: . | Q49: . | R49: . | S49: . | T49: 0 | U49: D | V49: 1 | W49: A | X49: . | Y49: . | Z49: . | AA49: 4.92 | AB49: 2.708 | AC49: 18.6753 | AD49: 39 | AE49: 0/1 | AF49: 21 | AG49: Heterozygous | AH49: =A49&"_"&B49&"_"&D49&"_"&E49 -> chr10_70998837_G_T | AI49: =IF(ISNUMBER(MATCH(AH49,MM47_FINAL!$AH:$AH,0)),"YES","NO") -> NO
A50: chr10 | B50: 71139734 | C50: 71139734 | D50: C | E50: A | F50: exonic | G50: HK1 | H50: nonsynonymous SNV | I50: HK1:NM_000188:exon9:c.C1148A:p.A383D,HK1:NM_033496:exon9:c.C1145A:p.A382D,HK1:NM_033497:exon12:c.C1160A:p.A387D,HK1:NM_033498:exon12:c.C1160A:p.A387D,HK1:NM_033500:exon13:c.C1112A:p.A371D | J50: Score=473;Name=lod=112 | O50: 0 | P50: 1 | Q50: D | R50: 0.998 | S50: D | T50: 0 | U50: D | V50: 0.999985 | W50: D | X50: 3.955 | Y50: high | Z50: -0.46 | AA50: 5.52 | AB50: 2.594 | AC50: 18.4153 | AD50: 31 | AE50: 0/1 | AF50: 11 | AG50: Heterozygous | AH50: =A50&"_"&B50&"_"&D50&"_"&E50 -> chr10_71139734_C_A | AI50: =IF(ISNUMBER(MATCH(AH50,MM47_FINAL!$AH:$AH,0)),"YES","NO") -> NO
A51: chr10 | B51: 126091546 | C51: 126091546 | D51: T | E51: A | F51: exonic | G51: OAT | H51: stopgain SNV | I51: OAT:NM_001171814:exon6:c.A436T:p.R146X,OAT:NM_000274:exon7:c.A850T:p.R284X | J51: Score=500;Name=lod=144 | O51: 1 | P51: . | Q51: . | R51: . | S51: . | T51: 0 | U51: D | V51: 1 | W51: A | X51: . | Y51: . | Z51: . | AA51: -0.893 | AB51: 0.05 | AC51: 15.1924 | AD51: 36 | AE51: 0/1 | AF51: 13 | AG51: Heterozygous | AH51: =A51&"_"&B51&"_"&D51&"_"&E51 -> chr10_126091546_T_A | AI51: =IF(ISNUMBER(MATCH(AH51,MM47_FINAL!$AH:$AH,0)),"YES","NO") -> NO
A52: chr11 | B52: 76829213 | C52: 76829213 | D52: G | E52: T | F52: exonic | G52: CAPN5 | H52: stopgain SNV | I52: CAPN5:NM_004055:exon8:c.G982T:p.E328X | J52: Score=482;Name=lod=121 | O52: 0.06 | P52: . | Q52: . | R52: . | S52: . | T52: 8.6e-05 | U52: D | V52: 1 | W52: A | X52: . | Y52: . | Z52: . | AA52: 2.09 | AB52: 0.555 | AC52: 9.6297 | AD52: 48 | AE52: 0/1 | AF52: 18 | AG52: Heterozygous | AH52: =A52&"_"&B52&"_"&D52&"_"&E52 -> chr11_76829213_G_T | AI52: =IF(ISNUMBER(MATCH(AH52,MM47_FINAL!$AH:$AH,0)),"YES","NO") -> NO
A53: chr11 | B53: 103126231 | C53: 103126231 | D53: C | E53: T | F53: exonic | G53: DYNC2H1 | H53: stopgain SNV | I53: DYNC2H1:NM_001377:exon67:c.C10294T:p.Q3432X,DYNC2H1:NM_001080463:exon68:c.C10315T:p.Q3439X | J53: Score=666;Name=lod=679 | O53: 0.51 | P53: . | Q53: . | R53: . | S53: . | T53: 0 | U53: D | V53: 1 | W53: A | X53: . | Y53: . | Z53: . | AA53: 5.55 | AB53: 2.773 | AC53: 19.8667 | AD53: 51 | AE53: 0/1 | AF53: 28 | AG53: Heterozygous | AH53: =A53&"_"&B53&"_"&D53&"_"&E53 -> chr11_103126231_C_T | AI53: =IF(ISNUMBER(MATCH(AH53,MM47_FINAL!$AH:$AH,0)),"YES","NO") -> NO
A54: chr12 | B54: 88496704 | C54: 88496704 | D54: G | E54: A | F54: exonic | G54: CEP290 | H54: stopgain SNV | I54: CEP290:NM_025114:exon26:c.C2902T:p.Q968X | J54: Score=638;Name=lod=521 | O54: 0.83 | P54: . | Q54: . | R54: . | S54: . | T54: 0 | U54: D | V54: 1 | W54: A | X54: . | Y54: . | Z54: . | AA54: 4.81 | AB54: 2.213 | AC54: 17.8976 | AD54: 38 | AE54: 0/1 | AF54: 16 | AG54: Heterozygous | AH54: =A54&"_"&B54&"_"&D54&"_"&E54 -> chr12_88496704_G_A | AI54: =IF(ISNUMBER(MATCH(AH54,MM47_FINAL!$AH:$AH,0)),"YES","NO") -> NO
A55: chr13 | B55: 48830412 | C55: 48830412 | D55: G | E55: T | F55: exonic | G55: ITM2B | H55: stopgain SNV | I55: ITM2B:NM_021999:exon3:c.G346T:p.E116X | J55: Score=529;Name=lod=189 | O55: 0.15 | P55: . | Q55: . | R55: . | S55: . | T55: 0 | U55: D | V55: 1 | W55: A | X55: . | Y55: . | Z55: . | AA55: 5.76 | AB55: 2.721 | AC55: 12.2913 | AD55: 39 | AE55: 0/1 | AF55: 93 | AG55: Heterozygous | AH55: =A55&"_"&B55&"_"&D55&"_"&E55 -> chr13_48830412_G_T | AI55: =IF(ISNUMBER(MATCH(AH55,MM47_FINAL!$AH:$AH,0)),"YES","NO") -> NO
A56: chr14 | B56: 21795966 | C56: 21795966 | D56: G | E56: T | F56: exonic | G56: RPGRIP1 | H56: nonsynonymous SNV | I56: RPGRIP1:NM_020366:exon17:c.G2895T:p.Q965H | J56: Score=265;Name=lod=16 | O56: 0.15 | P56: 0.998 | Q56: D | R56: 0.947 | S56: D | T56: 0.692549 | U56: N | V56: . | W56: . | X56: 1.1 | Y56: low | Z56: -1.56 | AA56: 2.18 | AB56: 1.534 | AC56: 10.1056 | AD56: 35 | AE56: 0/1 | AF56: 12 | AG56: Heterozygous | AH56: =A56&"_"&B56&"_"&D56&"_"&E56 -> chr14_21795966_G_T | AI56: =IF(ISNUMBER(MATCH(AH56,MM47_FINAL!$AH:$AH,0)),"YES","NO") -> NO
A57: chr14 | B57: 57268471 | C57: 57268471 | D57: C | E57: A | F57: exonic | G57: OTX2 | H57: nonsynonymous SNV | I57: OTX2:NM_001270525:exon3:c.G876T:p.W292C,OTX2:NM_172337:exon3:c.G852T:p.W284C,OTX2:NM_001270524:exon4:c.G852T:p.W284C,OTX2:NM_001270523:exon5:c.G852T:p.W284C,OTX2:NM_021728:exon5:c.G876T:p.W292C | J57: Score=628;Name=lod=474 | O57: 0 | P57: 1 | Q57: D | R57: 0.999 | S57: D | T57: 0.000522 | U57: D | V57: 0.987603 | W57: D | X57: 2.415 | Y57: medium | Z57: -4.96 | AA57: 5.58 | AB57: 2.907 | AC57: 18.7426 | AD57: 34 | AE57: 0/1 | AF57: 12 | AG57: Heterozygous | AH57: =A57&"_"&B57&"_"&D57&"_"&E57 -> chr14_57268471_C_A | AI57: =IF(ISNUMBER(MATCH(AH57,MM47_FINAL!$AH:$AH,0)),"YES","NO") -> NO
A58: chr14 | B58: 76330026 | C58: 76330026 | D58: G | E58: T | F58: exonic | G58: TTLL5 | H58: stopgain SNV | I58: TTLL5:NM_015072:exon29:c.G3343T:p.G1115X | J58: Score=513;Name=lod=162 | O58: 0.29 | P58: . | Q58: . | R58: . | S58: . | T58: 0.141885 | U58: N | V58: 1 | W58: A | X58: . | Y58: . | Z58: . | AA58: 4.87 | AB58: 2.894 | AC58: 5.9909 | AD58: 37 | AE58: 0/1 | AF58: 4 | AG58: Heterozygous | AH58: =A58&"_"&B58&"_"&D58&"_"&E58 -> chr14_76330026_G_T | AI58: =IF(ISNUMBER(MATCH(AH58,MM47_FINAL!$AH:$AH,0)),"YES","NO") -> NO
A59: chr14 | B59: 76548973 | C59: 76548973 | D59: C | E59: T | F59: exonic | G59: IFT43 | H59: nonsynonymous SNV | I59: IFT43:NM_052873:exon6:c.C397T:p.R133W,IFT43:NM_001102564:exon7:c.C382T:p.R128W | J59: Score=601;Name=lod=371 | O59: 0 | P59: 0.999 | Q59: D | R59: 0.97 | S59: D | T59: 2e-06 | U59: D | V59: 0.995035 | W59: D | X59: 2.63 | Y59: medium | Z59: 0.58 | AA59: 4.99 | AB59: 2.473 | AC59: 12.4209 | AD59: 31 | AE59: 0/1 | AF59: 16 | AG59: Heterozygous | AH59: =A59&"_"&B59&"_"&D59&"_"&E59 -> chr14_76548973_C_T | AI59: =IF(ISNUMBER(MATCH(AH59,MM47_FINAL!$AH:$AH,0)),"YES","NO") -> NO
A60: chr15 | B60: 65945080 | C60: 65945080 | D60: G | E60: A | F60: exonic | G60: SLC24A1 | H60: nonsynonymous SNV | I60: SLC24A1:NM_001254740:exon6:c.G965A:p.R322Q,SLC24A1:NM_004727:exon9:c.G2984A:p.R995Q | J60: Score=566;Name=lod=267 | O60: 0.04 | P60: 1 | Q60: D | R60: 0.999 | S60: D | T60: 4e-06 | U60: D | V60: 0.999714 | W60: D | X60: 3.2 | Y60: medium | Z60: -0.18 | AA60: 5.29 | AB60: 2.478 | AC60: 17.9152 | AD60: 32 | AE60: 0/1 | AF60: 18 | AG60: Heterozygous | AH60: =A60&"_"&B60&"_"&D60&"_"&E60 -> chr15_65945080_G_A | AI60: =IF(ISNUMBER(MATCH(AH60,MM47_FINAL!$AH:$AH,0)),"YES","NO") -> NO
A61: chr15 | B61: 76957994 | C61: 76957994 | D61: C | E61: T | F61: exonic | G61: SCAPER | H61: nonsynonymous SNV | I61: SCAPER:NM_020843:exon20:c.G2645A:p.R882K,SCAPER:NM_001145923:exon21:c.G1907A:p.R636K | J61: Score=601;Name=lod=368 | O61: . | P61: 0.812 | Q61: P | R61: 0.355 | S61: B | T61: 0 | U61: D | V61: . | W61: . | X61: 1.665 | Y61: low | Z61: 1.82 | AA61: 5.93 | AB61: 2.818 | AC61: 20.3334 | AD61: 57 | AE61: 0/1 | AF61: 8 | AG61: Heterozygous | AH61: =A61&"_"&B61&"_"&D61&"_"&E61 -> chr15_76957994_C_T | AI61: =IF(ISNUMBER(MATCH(AH61,MM47_FINAL!$AH:$AH,0)),"YES","NO") -> NO
A62: chr16 | B62: 3580675 | C62: 3580675 | D62: G | E62: A | F62: exonic | G62: CLUAP1 | H62: nonsynonymous SNV | I62: CLUAP1:NM_024793:exon6:c.G538A:p.G180R,CLUAP1:NM_015041:exon10:c.G1036A:p.G346R | J62: Score=445;Name=lod=86 | O62: 0.07 | P62: 0.996 | Q62: D | R62: 0.861 | S62: P | T62: 0 | U62: D | V62: . | W62: . | X62: 2.135 | Y62: medium | Z62: 0.67 | AA62: 5.57 | AB62: 2.639 | AC62: 17.0494 | AD62: 34 | AE62: 0/1 | AF62: 8 | AG62: Heterozygous | AH62: =A62&"_"&B62&"_"&D62&"_"&E62 -> chr16_3580675_G_A | AI62: =IF(ISNUMBER(MATCH(AH62,MM47_FINAL!$AH:$AH,0)),"YES","NO") -> NO
A63: chr16 | B63: 72137581 | C63: 72137581 | D63: G | E63: A | F63: exonic | G63: DHX38 | H63: nonsynonymous SNV | I63: DHX38:NM_014003:exon13:c.G1718A:p.G573D | J63: Score=629;Name=lod=479 | O63: 0.01 | P63: 0.997 | Q63: D | R63: 0.962 | S63: D | T63: 0 | U63: D | V63: 0.999992 | W63: D | X63: 3.465 | Y63: medium | Z63: 2.61 | AA63: 4.7 | AB63: 2.586 | AC63: 18.1907 | AD63: 31 | AE63: 0/1 | AF63: 13 | AG63: Heterozygous | AH63: =A63&"_"&B63&"_"&D63&"_"&E63 -> chr16_72137581_G_A | AI63: =IF(ISNUMBER(MATCH(AH63,MM47_FINAL!$AH:$AH,0)),"YES","NO") -> NO
A64: chr16 | B64: 77369782 | C64: 77369782 | D64: C | E64: T | F64: exonic | G64: ADAMTS18 | H64: nonsynonymous SNV | I64: ADAMTS18:NM_199355:exon12:c.G1730A:p.C577Y | J64: Score=532;Name=lod=193 | O64: 0 | P64: 1 | Q64: D | R64: 1 | S64: D | T64: 0 | U64: D | V64: 0.99775 | W64: D | X64: 3.89 | Y64: high | Z64: 0.01 | AA64: 5.74 | AB64: 2.712 | AC64: 18.9284 | AD64: 32 | AE64: 0/1 | AF64: 28 | AG64: Heterozygous | AH64: =A64&"_"&B64&"_"&D64&"_"&E64 -> chr16_77369782_C_T | AI64: =IF(ISNUMBER(MATCH(AH64,MM47_FINAL!$AH:$AH,0)),"YES","NO") -> YES
A65: chr16 | B65: 77401554 | C65: 77401554 | D65: C | E65: A | F65: exonic | G65: ADAMTS18 | H65: stopgain SNV | I65: ADAMTS18:NM_199355:exon4:c.G562T:p.E188X | J65: Score=553;Name=lod=236 | O65: 0.68 | P65: . | Q65: . | R65: . | S65: . | T65: 0.003901 | U65: N | V65: 1 | W65: A | X65: . | Y65: . | Z65: . | AA65: 2.75 | AB65: 0.581 | AC65: 5.8772 | AD65: 37 | AE65: 0/1 | AF65: 16 | AG65: Heterozygous | AH65: =A65&"_"&B65&"_"&D65&"_"&E65 -> chr16_77401554_C_A | AI65: =IF(ISNUMBER(MATCH(AH65,MM47_FINAL!$AH:$AH,0)),"YES","NO") -> NO
A66: chr17 | B66: 6329061 | C66: 6329061 | D66: C | E66: A | F66: exonic | G66: AIPL1 | H66: stopgain SNV | I66: AIPL1:NM_001033054:exon5:c.G685T:p.E229X,AIPL1:NM_001033055:exon5:c.G694T:p.E232X,AIPL1:NM_014336:exon6:c.G874T:p.E292X | J66: Score=474;Name=lod=113 | O66: 0.38 | P66: . | Q66: . | R66: . | S66: . | T66: 0.000879 | U66: D | V66: 1 | W66: D | X66: . | Y66: . | Z66: . | AA66: 4.87 | AB66: 2.236 | AC66: 15.4905 | AD66: 43 | AE66: 0/1 | AF66: 15 | AG66: Heterozygous | AH66: =A66&"_"&B66&"_"&D66&"_"&E66 -> chr17_6329061_C_A | AI66: =IF(ISNUMBER(MATCH(AH66,MM47_FINAL!$AH:$AH,0)),"YES","NO") -> NO
A67: chr17 | B67: 56290417 | C67: 56290417 | D67: T | E67: A | F67: exonic | G67: MKS1 | H67: stopgain SNV | I67: MKS1:NM_001165927:exon8:c.A754T:p.K252X,MKS1:NM_017777:exon8:c.A784T:p.K262X | J67: Score=502;Name=lod=146 | O67: . | P67: . | Q67: . | R67: . | S67: . | T67: 0.967684 | U67: N | V67: 1 | W67: A | X67: . | Y67: . | Z67: . | AA67: 5.9 | AB67: 2.248 | AC67: 15.143 | AD67: 38 | AE67: 0/1 | AF67: 16 | AG67: Heterozygous | AH67: =A67&"_"&B67&"_"&D67&"_"&E67 -> chr17_56290417_T_A | AI67: =IF(ISNUMBER(MATCH(AH67,MM47_FINAL!$AH:$AH,0)),"YES","NO") -> NO
A68: chr18 | B68: 12337392 | C68: 12337392 | D68: G | E68: T | F68: exonic | G68: AFG3L2 | H68: nonsynonymous SNV | I68: AFG3L2:NM_006796:exon16:c.C2123A:p.A708D | J68: Score=397;Name=lod=55 | O68: 0 | P68: 1 | Q68: D | R68: 0.998 | S68: D | T68: 1e-06 | U68: D | V68: 0.999727 | W68: D | X68: 4.27 | Y68: high | Z68: -1.85 | AA68: 5.62 | AB68: 2.656 | AC68: 19.6586 | AD68: 31 | AE68: 0/1 | AF68: 35 | AG68: Heterozygous | AH68: =A68&"_"&B68&"_"&D68&"_"&E68 -> chr18_12337392_G_T | AI68: =IF(ISNUMBER(MATCH(AH68,MM47_FINAL!$AH:$AH,0)),"YES","NO") -> NO
A69: chr18 | B69: 12344187 | C69: 12344187 | D69: C | E69: T | F69: exonic | G69: AFG3L2 | H69: nonsynonymous SNV | I69: AFG3L2:NM_006796:exon14:c.G1723A:p.E575K | J69: Score=474;Name=lod=113 | K69: Score=0.910795;Name=chr8:43122248 | O69: 0 | P69: 0.966 | Q69: D | R69: 0.602 | S69: P | T69: 0 | U69: D | V69: 1 | W69: D | X69: 4 | Y69: high | Z69: -2.71 | AA69: 4.61 | AB69: 2.392 | AC69: 17.6237 | AD69: 33 | AE69: 0/1 | AF69: 11 | AG69: Heterozygous | AH69: =A69&"_"&B69&"_"&D69&"_"&E69 -> chr18_12344187_C_T | AI69: =IF(ISNUMBER(MATCH(AH69,MM47_FINAL!$AH:$AH,0)),"YES","NO") -> YES
A70: chr19 | B70: 7601112 | C70: 7601112 | D70: C | E70: T | F70: exonic | G70: PNPLA6 | H70: nonsynonymous SNV | I70: PNPLA6:NM_001166114:exon2:c.C268T:p.R90W,PNPLA6:NM_001166111:exon4:c.C295T:p.R99W,PNPLA6:NM_001166112:exon5:c.C151T:p.R51W,PNPLA6:NM_001166113:exon5:c.C151T:p.R51W,PNPLA6:NM_006702:exon5:c.C151T:p.R51W | J70: Score=610;Name=lod=402 | O70: 0 | P70: 0.997 | Q70: D | R70: 0.851 | S70: P | T70: 0 | U70: D | V70: 0.999709 | W70: D | X70: 2.325 | Y70: medium | Z70: 1.65 | AA70: 4.39 | AB70: 1.251 | AC70: 13.1969 | AD70: 31 | AE70: 0/1 | AF70: 13 | AG70: Heterozygous | AH70: =A70&"_"&B70&"_"&D70&"_"&E70 -> chr19_7601112_C_T | AI70: =IF(ISNUMBER(MATCH(AH70,MM47_FINAL!$AH:$AH,0)),"YES","NO") -> NO
A71: chr19 | B71: 7601113 | C71: 7601113 | D71: G | E71: C | F71: exonic | G71: PNPLA6 | H71: nonsynonymous SNV | I71: PNPLA6:NM_001166114:exon2:c.G269C:p.R90P,PNPLA6:NM_001166111:exon4:c.G296C:p.R99P,PNPLA6:NM_001166112:exon5:c.G152C:p.R51P,PNPLA6:NM_001166113:exon5:c.G152C:p.R51P,PNPLA6:NM_006702:exon5:c.G152C:p.R51P | J71: Score=610;Name=lod=402 | O71: 0 | P71: 1 | Q71: D | R71: 0.999 | S71: D | T71: 0 | U71: D | V71: 0.999736 | W71: D | X71: 2.325 | Y71: medium | Z71: 1.66 | AA71: 5.45 | AB71: 2.56 | AC71: 16.7793 | AD71: 33 | AE71: 0/1 | AF71: 13 | AG71: Heterozygous | AH71: =A71&"_"&B71&"_"&D71&"_"&E71 -> chr19_7601113_G_C | AI71: =IF(ISNUMBER(MATCH(AH71,MM47_FINAL!$AH:$AH,0)),"YES","NO") -> NO
A72: chr19 | B72: 54627889 | C72: 54627889 | D72: G | E72: T | F72: exonic | G72: PRPF31 | H72: nonsynonymous SNV | I72: PRPF31:NM_015629:exon8:c.G709T:p.G237C | J72: Score=522;Name=lod=176 | O72: 0 | P72: 1 | Q72: D | R72: 1 | S72: D | T72: 0 | U72: D | V72: 0.999974 | W72: D | X72: 3.975 | Y72: high | Z72: -3.45 | AA72: 5.33 | AB72: 2.667 | AC72: 18.1642 | AD72: 33 | AE72: 0/1 | AF72: 14 | AG72: Heterozygous | AH72: =A72&"_"&B72&"_"&D72&"_"&E72 -> chr19_54627889_G_T | AI72: =IF(ISNUMBER(MATCH(AH72,MM47_FINAL!$AH:$AH,0)),"YES","NO") -> NO
A73: chr20 | B73: 34079062 | C73: 34079062 | D73: A | E73: T | F73: exonic | G73: CEP250 | H73: stopgain SNV | I73: CEP250:NM_007186:exon22:c.A2779T:p.R927X | J73: Score=599;Name=lod=361 | O73: 1 | P73: . | Q73: . | R73: . | S73: . | T73: 0.000359 | U73: D | V73: 1 | W73: A | X73: . | Y73: . | Z73: . | AA73: 3.65 | AB73: 0.847 | AC73: 9.4417 | AD73: 36 | AE73: 0/1 | AF73: 4 | AG73: Heterozygous | AH73: =A73&"_"&B73&"_"&D73&"_"&E73 -> chr20_34079062_A_T | AI73: =IF(ISNUMBER(MATCH(AH73,MM47_FINAL!$AH:$AH,0)),"YES","NO") -> NO
A74: chr20 | B74: 62616378 | C74: 62616378 | D74: G | E74: A | F74: exonic | G74: PRPF6 | H74: nonsynonymous SNV | I74: PRPF6:NM_012469:exon3:c.G359A:p.R120Q | J74: Score=627;Name=lod=470 | O74: 0.02 | P74: 0.424 | Q74: B | R74: 0.385 | S74: B | T74: 0 | U74: N | V74: . | W74: . | X74: 2.63 | Y74: medium | Z74: -1.44 | AA74: 4.75 | AB74: 2.355 | AC74: 18.1997 | AD74: 34 | AE74: 0/1 | AF74: 17 | AG74: Heterozygous | AH74: =A74&"_"&B74&"_"&D74&"_"&E74 -> chr20_62616378_G_A | AI74: =IF(ISNUMBER(MATCH(AH74,MM47_FINAL!$AH:$AH,0)),"YES","NO") -> NO
A75: chr21 | B75: 45390556 | C75: 45390556 | D75: C | E75: T | F75: exonic | G75: AGPAT3 | H75: nonsynonymous SNV | I75: AGPAT3:NM_001037553:exon5:c.C533T:p.T178M,AGPAT3:NM_020132:exon6:c.C533T:p.T178M | J75: Score=529;Name=lod=188 | O75: 0 | P75: 1 | Q75: D | R75: 0.999 | S75: D | T75: 0 | U75: D | V75: 0.998006 | W75: D | X75: 3.625 | Y75: high | Z75: -4.17 | AA75: 4.48 | AB75: 2.049 | AC75: 17.1642 | AD75: 31 | AE75: 0/1 | AF75: 13 | AG75: Heterozygous | AH75: =A75&"_"&B75&"_"&D75&"_"&E75 -> chr21_45390556_C_T | AI75: =IF(ISNUMBER(MATCH(AH75,MM47_FINAL!$AH:$AH,0)),"YES","NO") -> NO
A76: chrX | B76: 13778806 | C76: 13778806 | D76: A | E76: T | F76: exonic | G76: OFD1 | H76: stopgain SNV | I76: OFD1:NM_003611:exon16:c.A2227T:p.K743X | O76: 1 | P76: . | Q76: . | R76: . | S76: . | T76: 0.056105 | U76: N | V76: 1 | W76: A | X76: . | Y76: . | Z76: . | AA76: 5.41 | AB76: 1.81 | AC76: 9.3428 | AD76: 35 | AE76: 0/1 | AF76: 12 | AG76: Heterozygous | AH76: =A76&"_"&B76&"_"&D76&"_"&E76 -> chrX_13778806_A_T | AI76: =IF(ISNUMBER(MATCH(AH76,MM47_FINAL!$AH:$AH,0)),"YES","NO") -> NO
A77: chrX | B77: 31190501 | C77: 31190501 | D77: G | E77: T | F77: exonic | G77: DMD | H77: nonsynonymous SNV | I77: DMD:NM_004017:exon11:c.C1115A:p.S372Y,DMD:NM_004018:exon11:c.C1115A:p.S372Y,DMD:NM_004015:exon12:c.C1154A:p.S385Y,DMD:NM_004016:exon12:c.C1154A:p.S385Y,DMD:NM_004014:exon19:c.C2171A:p.S724Y,DMD:NM_004022:exon29:c.C2939A:p.S980Y,DMD:NM_004013:exon30:c.C2978A:p.S993Y,DMD:NM_004021:exon30:c.C2978A:p.S993Y,DMD:NM_004011:exon45:c.C6335A:p.S2112Y,DMD:NM_004012:exon45:c.C6326A:p.S2109Y,DMD:NM_004007:exon72:c.C9989A:p.S3330Y,DMD:NM_000109:exon73:c.C10334A:p.S3445Y,DMD:NM_004006:exon73:c.C10358A:p.S3453Y,DMD:NM_004009:exon73:c.C10346A:p.S3449Y,DMD:NM_004010:exon73:c.C9989A:p.S3330Y | J77: Score=710;Name=lod=1027 | O77: 0 | P77: 0.998 | Q77: D | R77: 0.991 | S77: D | T77: 0.002258 | U77: U | V77: 0.999137 | W77: D | X77: 2.79 | Y77: medium | Z77: 0.58 | AA77: 5.24 | AB77: 2.433 | AC77: 17.9679 | AD77: 31 | AE77: 0/1 | AF77: 11 | AG77: Heterozygous | AH77: =A77&"_"&B77&"_"&D77&"_"&E77 -> chrX_31190501_G_T | AI77: =IF(ISNUMBER(MATCH(AH77,MM47_FINAL!$AH:$AH,0)),"YES","NO") -> NO
A78: chrX | B78: 32632420 | C78: 32632420 | D78: C | E78: A | F78: exonic | G78: DMD | H78: nonsynonymous SNV | I78: DMD:NM_004007:exon11:c.G1113T:p.K371N,DMD:NM_000109:exon12:c.G1458T:p.K486N,DMD:NM_004006:exon12:c.G1482T:p.K494N,DMD:NM_004009:exon12:c.G1470T:p.K490N,DMD:NM_004010:exon12:c.G1113T:p.K371N | J78: Score=529;Name=lod=188 | O78: . | P78: 1 | Q78: D | R78: 0.998 | S78: D | T78: 0.002606 | U78: U | V78: 1e-06 | W78: N | X78: 1.81 | Y78: low | Z78: 1.45 | AA78: 5.62 | AB78: 2.493 | AC78: 17.5124 | AD78: 32 | AE78: 0/1 | AF78: 29 | AG78: Heterozygous | AH78: =A78&"_"&B78&"_"&D78&"_"&E78 -> chrX_32632420_C_A | AI78: =IF(ISNUMBER(MATCH(AH78,MM47_FINAL!$AH:$AH,0)),"YES","NO") -> NO
A79: chrX | B79: 49082374 | C79: 49082374 | D79: G | E79: A | F79: exonic | G79: CACNA1F | H79: stopgain SNV | I79: CACNA1F:NM_001256789:exon13:c.C1648T:p.Q550X,CACNA1F:NM_005183:exon13:c.C1681T:p.Q561X | J79: Score=455;Name=lod=94 | O79: 0.01 | P79: . | Q79: . | R79: . | S79: . | T79: 0.001179 | U79: U | V79: 1 | W79: A | X79: . | Y79: . | Z79: . | AA79: 3.56 | AB79: 1.381 | AC79: 13.5172 | AD79: 37 | AE79: 0/1 | AF79: 14 | AG79: Heterozygous | AH79: =A79&"_"&B79&"_"&D79&"_"&E79 -> chrX_49082374_G_A | AI79: =IF(ISNUMBER(MATCH(AH79,MM47_FINAL!$AH:$AH,0)),"YES","NO") -> NO
A80: chrX | B80: 85119690 | C80: 85119690 | D80: G | E80: T | F80: exonic | G80: CHM | H80: stopgain SNV | I80: CHM:NM_000390:exon15:c.C1907A:p.S636X | J80: Score=309;Name=lod=24 | O80: 0.75 | P80: . | Q80: . | R80: . | S80: . | T80: 0.63676 | U80: N | V80: 0.999997 | W80: D | X80: . | Y80: a | Z80: . | AA80: 4.86 | AB80: 1.968 | AC80: 16.7201 | AD80: 34 | AE80: 0/1 | AF80: 4 | AG80: Heterozygous | AH80: =A80&"_"&B80&"_"&D80&"_"&E80 -> chrX_85119690_G_T | AI80: =IF(ISNUMBER(MATCH(AH80,MM47_FINAL!$AH:$AH,0)),"YES","NO") -> NO

Sheet MM47_FINAL
A1: Chr | B1: Start | C1: End | D1: Ref | E1: Alt | F1: Func.refGene | G1: Gene.refGene | H1: ExonicFunc.refGene | I1: AAChange.refGene | J1: phastConsElements46way | K1: genomicSuperDups | L1: esp6500si_all | M1: 1000g2012apr_all | N1: snp137 | O1: LJB2_SIFT | P1: LJB2_PolyPhen2_HDIV | Q1: LJB2_PP2_HDIV_Pred | R1: LJB2_PolyPhen2_HVAR | S1: LJB2_PolyPhen2_HVAR_Pred | T1: LJB2_LRT | U1: LJB2_LRT_Pred | V1: LJB2_MutationTaster | W1: LJB2_MutationTaster_Pred | X1: LJB_MutationAssessor | Y1: LJB_MutationAssessor_Pred | Z1: LJB2_FATHMM | AA1: LJB2_GERP++ | AB1: LJB2_PhyloP | AC1: LJB2_SiPhy | AD1: CADD_PHRED | AE1: GT | AF1: DP | AG1: Zygosity | AH1: Variant_ID | AI1: COMMON W/ 3347
A2: chr1 | B2: 10042664 | C2: 10042664 | D2: G | E2: T | F2: exonic | G2: NMNAT1 | H2: stopgain SNV | I2: NMNAT1:NM_022787:exon5:c.G745T:p.E249X | J2: Score=243;Name=lod=13 | O2: 1 | P2: . | Q2: . | R2: . | S2: . | T2: 0.000189 | U2: D | V2: 1 | W2: D | X2: . | Y2: . | Z2: . | AA2: 3.09 | AB2: 0.597 | AC2: 10.4801 | AD2: 34 | AE2: 1/1 | AF2: 1 | AG2: Homozygous_alt | AH2: =A2&"_"&B2&"_"&D2&"_"&E2 -> chr1_10042664_G_T | AI2: =IF(ISNUMBER(MATCH(AH2,'3347_FINAL'!$AH:$AH,0)),"YES","NO") -> NO
A3: chr1 | B3: 20412692 | C3: 20412692 | D3: C | E3: T | F3: exonic | G3: PLA2G5 | H3: stopgain SNV | I3: PLA2G5:NM_000929:exon3:c.C157T:p.R53X | M3: 0.0005 | N3: rs200954922 | O3: 0.88 | P3: . | Q3: . | R3: . | S3: . | T3: 0.458047 | U3: N | V3: 1 | W3: A | X3: . | Y3: . | Z3: . | AA3: 1.79 | AB3: 0.294 | AC3: 7.9035 | AD3: 34 | AE3: 0/1 | AF3: 8 | AG3: Heterozygous | AH3: =A3&"_"&B3&"_"&D3&"_"&E3 -> chr1_20412692_C_T | AI3: =IF(ISNUMBER(MATCH(AH3,'3347_FINAL'!$AH:$AH,0)),"YES","NO") -> NO
A4: chr1 | B4: 26769265 | C4: 26769265 | D4: T | E4: A | F4: exonic | G4: DHDDS | H4: nonsynonymous SNV | I4: DHDDS:NM_001243564:exon4:c.T224A:p.V75D,DHDDS:NM_001243565:exon4:c.T224A:p.V75D,DHDDS:NM_024887:exon4:c.T224A:p.V75D,DHDDS:NM_205861:exon4:c.T224A:p.V75D | J4: Score=596;Name=lod=353 | O4: 0 | P4: 1 | Q4: D | R4: 1 | S4: D | T4: 0 | U4: D | V4: 0.999988 | W4: D | X4: 4.32 | Y4: high | Z4: 1.06 | AA4: 5.92 | AB4: 2.266 | AC4: 15.5442 | AD4: 31 | AE4: 0/1 | AF4: 6 | AG4: Heterozygous | AH4: =A4&"_"&B4&"_"&D4&"_"&E4 -> chr1_26769265_T_A | AI4: =IF(ISNUMBER(MATCH(AH4,'3347_FINAL'!$AH:$AH,0)),"YES","NO") -> NO
A5: chr1 | B5: 68910459 | C5: 68910459 | D5: C | E5: T | F5: exonic | G5: RPE65 | H5: nonsynonymous SNV | I5: RPE65:NM_000329:exon4:c.G353A:p.R118K | J5: Score=595;Name=lod=349 | O5: . | P5: 0.998 | Q5: D | R5: 0.96 | S5: D | T5: 0 | U5: D | V5: 0.999997 | W5: D | X5: 1.43 | Y5: low | Z5: -3.42 | AA5: 4.88 | AB5: 2.545 | AC5: 18.2168 | AD5: 34 | AE5: 0/1 | AF5: 22 | AG5: Heterozygous | AH5: =A5&"_"&B5&"_"&D5&"_"&E5 -> chr1_68910459_C_T | AI5: =IF(ISNUMBER(MATCH(AH5,'3347_FINAL'!$AH:$AH,0)),"YES","NO") -> NO
A6: chr1 | B6: 150316667 | C6: 150316667 | D6: G | E6: T | F6: exonic | G6: PRPF3 | H6: stopgain SNV | I6: PRPF3:NM_004698:exon11:c.G1456T:p.G486X | J6: Score=664;Name=lod=665 | O6: 0.01 | P6: . | Q6: . | R6: . | S6: . | T6: 0 | U6: D | V6: 1 | W6: A | X6: . | Y6: . | Z6: . | AA6: 5.82 | AB6: 2.759 | AC6: 20.1022 | AD6: 41 | AE6: 1/1 | AF6: 9 | AG6: Homozygous_alt | AH6: =A6&"_"&B6&"_"&D6&"_"&E6 -> chr1_150316667_G_T | AI6: =IF(ISNUMBER(MATCH(AH6,'3347_FINAL'!$AH:$AH,0)),"YES","NO") -> NO
A7: chr1 | B7: 156145389 | C7: 156145389 | D7: G | E7: A | F7: exonic | G7: SEMA4A | H7: stopgain SNV | I7: SEMA4A:NM_001193302:exon12:c.G1239A:p.W413X,SEMA4A:NM_001193300:exon14:c.G1635A:p.W545X,SEMA4A:NM_001193301:exon14:c.G1635A:p.W545X,SEMA4A:NM_022367:exon14:c.G1635A:p.W545X | O7: 0.04 | P7: . | Q7: . | R7: . | S7: . | T7: 0.282915 | U7: N | V7: 1 | W7: A | X7: . | Y7: . | Z7: . | AA7: 3.62 | AB7: 1.107 | AC7: 11.1226 | AD7: 36 | AE7: 0/1 | AF7: 9 | AG7: Heterozygous | AH7: =A7&"_"&B7&"_"&D7&"_"&E7 -> chr1_156145389_G_A | AI7: =IF(ISNUMBER(MATCH(AH7,'3347_FINAL'!$AH:$AH,0)),"YES","NO") -> NO
A8: chr1 | B8: 185833602 | C8: 185833602 | D8: G | E8: A | F8: exonic | G8: HMCN1 | H8: nonsynonymous SNV | I8: HMCN1:NM_031935:exon3:c.G340A:p.G114S | J8: Score=633;Name=lod=498 | O8: . | P8: 1 | Q8: D | R8: 1 | S8: D | T8: 0 | U8: D | V8: 0.999985 | W8: D | X8: 3.265 | Y8: medium | Z8: -4.57 | AA8: 5.43 | AB8: 2.533 | AC8: 19.2402 | AD8: 33 | AE8: 0/1 | AF8: 19 | AG8: Heterozygous | AH8: =A8&"_"&B8&"_"&D8&"_"&E8 -> chr1_185833602_G_A | AI8: =IF(ISNUMBER(MATCH(AH8,'3347_FINAL'!$AH:$AH,0)),"YES","NO") -> NO
A9: chr1 | B9: 185833603 | C9: 185833603 | D9: G | E9: A | F9: exonic | G9: HMCN1 | H9: nonsynonymous SNV | I9: HMCN1:NM_031935:exon3:c.G341A:p.G114D | J9: Score=633;Name=lod=498 | O9: 0 | P9: 1 | Q9: D | R9: 1 | S9: D | T9: 0 | U9: D | V9: 0.999988 | W9: D | X9: 2.92 | Y9: medium | Z9: -4.59 | AA9: 5.43 | AB9: 2.533 | AC9: 19.2402 | AD9: 33 | AE9: 0/1 | AF9: 19 | AG9: Heterozygous | AH9: =A9&"_"&B9&"_"&D9&"_"&E9 -> chr1_185833603_G_A | AI9: =IF(ISNUMBER(MATCH(AH9,'3347_FINAL'!$AH:$AH,0)),"YES","NO") -> NO
A10: chr1 | B10: 185833605 | C10: 185833605 | D10: G | E10: T | F10: exonic | G10: HMCN1 | H10: nonsynonymous SNV | I10: HMCN1:NM_031935:exon3:c.G343T:p.G115C | J10: Score=633;Name=lod=498 | O10: 0 | P10: 1 | Q10: D | R10: 1 | S10: D | T10: 0 | U10: D | V10: 0.999985 | W10: D | X10: 3.3 | Y10: medium | Z10: 0.6 | AA10: 5.43 | AB10: 2.533 | AC10: 19.2402 | AD10: 32 | AE10: 0/1 | AF10: 19 | AG10: Heterozygous | AH10: =A10&"_"&B10&"_"&D10&"_"&E10 -> chr1_185833605_G_T | AI10: =IF(ISNUMBER(MATCH(AH10,'3347_FINAL'!$AH:$AH,0)),"YES","NO") -> NO
A11: chr1 | B11: 185891515 | C11: 185891515 | D11: C | E11: A | F11: exonic | G11: HMCN1 | H11: stopgain SNV | I11: HMCN1:NM_031935:exon7:c.C905A:p.S302X | J11: Score=426;Name=lod=72 | O11: 1 | P11: . | Q11: . | R11: . | S11: . | T11: 0 | U11: D | V11: 1 | W11: A | X11: . | Y11: . | Z11: . | AA11: 5.43 | AB11: 2.527 | AC11: 19.2454 | AD11: 38 | AE11: 0/1 | AF11: 9 | AG11: Heterozygous | AH11: =A11&"_"&B11&"_"&D11&"_"&E11 -> chr1_185891515_C_A | AI11: =IF(ISNUMBER(MATCH(AH11,'3347_FINAL'!$AH:$AH,0)),"YES","NO") -> NO
A12: chr1 | B12: 185958690 | C12: 185958690 | D12: C | E12: A | F12: exonic | G12: HMCN1 | H12: stopgain SNV | I12: HMCN1:NM_031935:exon21:c.C3119A:p.S1040X | J12: Score=389;Name=lod=51 | O12: 1 | P12: . | Q12: . | R12: . | S12: . | T12: 0 | U12: D | V12: 1 | W12: A | X12: . | Y12: . | Z12: . | AA12: 5.45 | AB12: 2.55 | AC12: 19.3079 | AD12: 39 | AE12: 0/1 | AF12: 12 | AG12: Heterozygous | AH12: =A12&"_"&B12&"_"&D12&"_"&E12 -> chr1_185958690_C_A | AI12: =IF(ISNUMBER(MATCH(AH12,'3347_FINAL'!$AH:$AH,0)),"YES","NO") -> NO
A13: chr1 | B13: 196712649 | C13: 196712649 | D13: T | E13: A | F13: exonic | G13: CFH | H13: stopgain SNV | I13: CFH:NM_000186:exon20:c.T3201A:p.Y1067X | K13: Score=0.977931;Name=chr1:196796319 | O13: 1 | P13: . | Q13: . | R13: . | S13: . | T13: . | U13: . | V13: 1 | W13: A | X13: . | Y13: . | Z13: . | AA13: -0.0824 | AB13: 0.018 | AC13: 7.6142 | AD13: 34 | AE13: 1/1 | AF13: 2 | AG13: Homozygous_alt | AH13: =A13&"_"&B13&"_"&D13&"_"&E13 -> chr1_196712649_T_A | AI13: =IF(ISNUMBER(MATCH(AH13,'3347_FINAL'!$AH:$AH,0)),"YES","NO") -> NO
A14: chr1 | B14: 211847722 | C14: 211847722 | D14: C | E14: T | F14: exonic | G14: NEK2 | H14: nonsynonymous SNV | I14: NEK2:NM_001204182:exon2:c.G230A:p.R77Q,NEK2:NM_001204183:exon2:c.G230A:p.R77Q,NEK2:NM_002497:exon2:c.G230A:p.R77Q | J14: Score=638;Name=lod=521 | O14: 0.19 | P14: 0.998 | Q14: D | R14: 0.906 | S14: P | T14: 0 | U14: D | V14: 0.999691 | W14: D | X14: 0.055 | Y14: neutral | Z14: 1.12 | AA14: 4.41 | AB14: 2.153 | AC14: 17.3875 | AD14: 34 | AE14: 0/1 | AF14: 13 | AG14: Heterozygous | AH14: =A14&"_"&B14&"_"&D14&"_"&E14 -> chr1_211847722_C_T | AI14: =IF(ISNUMBER(MATCH(AH14,'3347_FINAL'!$AH:$AH,0)),"YES","NO") -> NO
A15: chr1 | B15: 215812521 | C15: 215812521 | D15: G | E15: A | F15: exonic | G15: USH2A | H15: stopgain SNV | I15: USH2A:NM_206933:exon69:c.C15028T:p.Q5010X | J15: Score=346;Name=lod=34 | O15: 0.99 | P15: . | Q15: . | R15: . | S15: . | T15: 0.035248 | U15: U | V15: 1 | W15: A | X15: . | Y15: . | Z15: . | AA15: 4.23 | AB15: 2.412 | AC15: 8.0029 | AD15: 40 | AE15: 0/1 | AF15: 16 | AG15: Heterozygous | AH15: =A15&"_"&B15&"_"&D15&"_"&E15 -> chr1_215812521_G_A | AI15: =IF(ISNUMBER(MATCH(AH15,'3347_FINAL'!$AH:$AH,0)),"YES","NO") -> NO
A16: chr2 | B16: 27275780 | C16: 27275780 | D16: G | E16: A | F16: splicing | G16: AGBL5 | J16: Score=633;Name=lod=497 | AD16: 35 | AE16: 0/1 | AF16: 5 | AG16: Heterozygous | AH16: =A16&"_"&B16&"_"&D16&"_"&E16 -> chr2_27275780_G_A | AI16: =IF(ISNUMBER(MATCH(AH16,'3347_FINAL'!$AH:$AH,0)),"YES","NO") -> NO
A17: chr2 | B17: 27280242 | C17: 27280242 | D17: G | E17: A | F17: exonic | G17: AGBL5 | H17: nonsynonymous SNV | I17: AGBL5:NM_001035507:exon9:c.G1607A:p.G536E,AGBL5:NM_021831:exon9:c.G1607A:p.G536E | J17: Score=670;Name=lod=702 | O17: 0.1 | P17: 1 | Q17: D | R17: 1 | S17: D | T17: 0 | U17: D | V17: 0.981601 | W17: D | X17: 1.98 | Y17: medium | Z17: 1.98 | AA17: 6.16 | AB17: 2.937 | AC17: 20.4549 | AD17: 31 | AE17: 0/1 | AF17: 8 | AG17: Heterozygous | AH17: =A17&"_"&B17&"_"&D17&"_"&E17 -> chr2_27280242_G_A | AI17: =IF(ISNUMBER(MATCH(AH17,'3347_FINAL'!$AH:$AH,0)),"YES","NO") -> NO
A18: chr2 | B18: 56145033 | C18: 56145033 | D18: G | E18: T | F18: exonic | G18: EFEMP1 | H18: stopgain SNV | I18: EFEMP1:NM_001039349:exon4:c.C284A:p.S95X,EFEMP1:NM_001039348:exon5:c.C284A:p.S95X | O18: 0.79 | P18: . | Q18: . | R18: . | S18: . | T18: 0.166147 | U18: N | V18: 1 | W18: A | X18: . | Y18: . | Z18: . | AA18: 4.08 | AB18: 0.834 | AC18: 11.5657 | AD18: 34 | AE18: 0/1 | AF18: 9 | AG18: Heterozygous | AH18: =A18&"_"&B18&"_"&D18&"_"&E18 -> chr2_56145033_G_T | AI18: =IF(ISNUMBER(MATCH(AH18,'3347_FINAL'!$AH:$AH,0)),"YES","NO") -> NO
A19: chr2 | B19: 73777486 | C19: 73777486 | D19: G | E19: T | F19: exonic | G19: ALMS1 | H19: stopgain SNV | I19: ALMS1:NM_015120:exon13:c.G9997T:p.E3333X | J19: Score=461;Name=lod=100 | O19: 0 | P19: . | Q19: . | R19: . | S19: . | T19: 0.000125 | U19: D | V19: 1 | W19: A | X19: . | Y19: . | Z19: . | AA19: 5.83 | AB19: 2.762 | AC19: 15.6048 | AD19: 46 | AE19: 0/1 | AF19: 15 | AG19: Heterozygous | AH19: =A19&"_"&B19&"_"&D19&"_"&E19 -> chr2_73777486_G_T | AI19: =IF(ISNUMBER(MATCH(AH19,'3347_FINAL'!$AH:$AH,0)),"YES","NO") -> NO
A20: chr2 | B20: 73799895 | C20: 73799895 | D20: C | E20: T | F20: exonic | G20: ALMS1 | H20: nonsynonymous SNV | I20: ALMS1:NM_015120:exon16:c.C10888T:p.R3630C | J20: Score=475;Name=lod=114 | O20: 0 | P20: 1 | Q20: D | R20: 0.998 | S20: D | T20: 0.000282 | U20: D | V20: 0.306209 | W20: N | X20: 1.445 | Y20: low | Z20: 2.17 | AA20: 5.48 | AB20: 2.588 | AC20: 16.8459 | AD20: 32 | AE20: 0/1 | AF20: 7 | AG20: Heterozygous | AH20: =A20&"_"&B20&"_"&D20&"_"&E20 -> chr2_73799895_C_T | AI20: =IF(ISNUMBER(MATCH(AH20,'3347_FINAL'!$AH:$AH,0)),"YES","NO") -> NO
A21: chr2 | B21: 96944370 | C21: 96944370 | D21: G | E21: T | F21: exonic | G21: SNRNP200 | H21: stopgain SNV | I21: SNRNP200:NM_014014:exon38:c.C5403A:p.C1801X | J21: Score=636;Name=lod=513 | O21: 1 | P21: . | Q21: . | R21: . | S21: . | T21: 0 | U21: D | V21: 1 | W21: A | X21: . | Y21: . | Z21: . | AA21: 1.93 | AB21: 0.453 | AC21: 10.9518 | AD21: 36 | AE21: 0/1 | AF21: 8 | AG21: Heterozygous | AH21: =A21&"_"&B21&"_"&D21&"_"&E21 -> chr2_96944370_G_T | AI21: =IF(ISNUMBER(MATCH(AH21,'3347_FINAL'!$AH:$AH,0)),"YES","NO") -> NO
A22: chr2 | B22: 110901146 | C22: 110901146 | D22: A | E22: T | F22: exonic | G22: NPHP1 | H22: stopgain SNV | I22: NPHP1:NM_001128179:exon14:c.T1313A:p.L438X,NPHP1:NM_000272:exon16:c.T1670A:p.L557X,NPHP1:NM_001128178:exon16:c.T1502A:p.L501X,NPHP1:NM_207181:exon16:c.T1667A:p.L556X | J22: Score=487;Name=lod=127 | O22: 1 | P22: . | Q22: . | R22: . | S22: . | T22: 0.007176 | U22: N | V22: 1 | W22: A | X22: . | Y22: . | Z22: . | AA22: 4.9 | AB22: 1.107 | AC22: 10.5079 | AD22: 37 | AE22: 0/1 | AF22: 22 | AG22: Heterozygous | AH22: =A22&"_"&B22&"_"&D22&"_"&E22 -> chr2_110901146_A_T | AI22: =IF(ISNUMBER(MATCH(AH22,'3347_FINAL'!$AH:$AH,0)),"YES","NO") -> NO
A23: chr3 | B23: 3189232 | C23: 3189232 | D23: A | E23: T | F23: exonic | G23: TRNT1 | H23: stopgain SNV | I23: TRNT1:NM_182916:exon7:c.A901T:p.K301X | J23: Score=612;Name=lod=408 | O23: 1 | P23: . | Q23: . | R23: . | S23: . | T23: 0.011541 | U23: N | V23: 1 | W23: A | X23: . | Y23: . | Z23: . | AA23: 5.64 | AB23: 2.155 | AC23: 10.7452 | AD23: 43 | AE23: 0/1 | AF23: 8 | AG23: Heterozygous | AH23: =A23&"_"&B23&"_"&D23&"_"&E23 -> chr3_3189232_A_T | AI23: =IF(ISNUMBER(MATCH(AH23,'3347_FINAL'!$AH:$AH,0)),"YES","NO") -> NO
A24: chr3 | B24: 27439683 | C24: 27439683 | D24: C | E24: G | F24: exonic | G24: SLC4A7 | H24: nonsynonymous SNV | I24: SLC4A7:NM_001258379:exon16:c.G2205C:p.K735N,SLC4A7:NM_001258380:exon16:c.G2190C:p.K730N,SLC4A7:NM_003615:exon17:c.G2562C:p.K854N | J24: Score=679;Name=lod=768 | O24: 0.23 | P24: 0.991 | Q24: D | R24: 0.968 | S24: D | T24: 0 | U24: D | V24: 0.961686 | W24: D | X24: 2.125 | Y24: medium | Z24: -2.13 | AA24: 5.56 | AB24: 2.615 | AC24: 19.5319 | AD24: 36 | AE24: 0/1 | AF24: 14 | AG24: Heterozygous | AH24: =A24&"_"&B24&"_"&D24&"_"&E24 -> chr3_27439683_C_G | AI24: =IF(ISNUMBER(MATCH(AH24,'3347_FINAL'!$AH:$AH,0)),"YES","NO") -> NO
A25: chr3 | B25: 121509037 | C25: 121509037 | D25: C | E25: A | F25: exonic | G25: IQCB1 | H25: stopgain SNV | I25: IQCB1:NM_001023571:exon8:c.G613T:p.E205X,IQCB1:NM_001023570:exon11:c.G1012T:p.E338X | O25: 0.74 | P25: . | Q25: . | R25: . | S25: . | T25: 0.07042 | U25: N | V25: 1 | W25: A | X25: . | Y25: . | Z25: . | AA25: -0.425 | AB25: -0.139 | AC25: 4.2475 | AD25: 31 | AE25: 0/1 | AF25: 16 | AG25: Heterozygous | AH25: =A25&"_"&B25&"_"&D25&"_"&E25 -> chr3_121509037_C_A | AI25: =IF(ISNUMBER(MATCH(AH25,'3347_FINAL'!$AH:$AH,0)),"YES","NO") -> NO
A26: chr3 | B26: 170219056 | C26: 170219056 | D26: C | E26: T | F26: exonic | G26: SLC7A14 | H26: nonsynonymous SNV | I26: SLC7A14:NM_020949:exon3:c.G383A:p.G128E | J26: Score=458;Name=lod=97 | O26: 0 | P26: 1 | Q26: D | R26: 1 | S26: D | T26: 0 | U26: D | V26: 0.999852 | W26: D | X26: 4.305 | Y26: high | Z26: -2.69 | AA26: 5.46 | AB26: 2.715 | AC26: 19.6608 | AD26: 31 | AE26: 0/1 | AF26: 11 | AG26: Heterozygous | AH26: =A26&"_"&B26&"_"&D26&"_"&E26 -> chr3_170219056_C_T | AI26: =IF(ISNUMBER(MATCH(AH26,'3347_FINAL'!$AH:$AH,0)),"YES","NO") -> NO
A27: chr4 | B27: 15504111 | C27: 15504111 | D27: C | E27: T | F27: exonic | G27: CC2D2A | H27: nonsynonymous SNV | I27: CC2D2A:NM_001080522:exon6:c.C307T:p.R103C | J27: Score=567;Name=lod=268 | O27: 0 | P27: 1 | Q27: D | R27: 1 | S27: D | T27: 1.4e-05 | U27: D | V27: 0.998054 | W27: D | X27: 2.32 | Y27: medium | Z27: -1.12 | AA27: 4.64 | AB27: 2.616 | AC27: 14.3659 | AD27: 32 | AE27: 0/1 | AF27: 6 | AG27: Heterozygous | AH27: =A27&"_"&B27&"_"&D27&"_"&E27 -> chr4_15504111_C_T | AI27: =IF(ISNUMBER(MATCH(AH27,'3347_FINAL'!$AH:$AH,0)),"YES","NO") -> NO
A28: chr4 | B28: 110790980 | C28: 110790980 | D28: G | E28: T | F28: exonic | G28: LRIT3 | H28: nonsynonymous SNV | I28: LRIT3:NM_198506:exon4:c.C1075T:p.P359S | O28: 0.82 | P28: . | Q28: . | R28: . | S28: . | T28: 0.832232 | U28: N | V28: 1 | W28: D | X28: . | Y28: . | Z28: . | AA28: 4.64 | AB28: 2.116 | AC28: 17.5281 | AD28: 35 | AE28: 0/1 | AF28: 11 | AG28: Heterozygous | AH28: =A28&"_"&B28&"_"&D28&"_"&E28 -> chr4_110790980_G_T | AI28: =IF(ISNUMBER(MATCH(AH28,'3347_FINAL'!$AH:$AH,0)),"YES","NO") -> NO
A29: chr5 | B29: 38458465 | C29: 38458465 | D29: G | E29: A | F29: exonic | G29: EGFLAM | H29: nonsynonymous SNV | I29: EGFLAM:NM_182801:exon4:c.G169A:p.D57N,EGFLAM:NM_182798:exon15:c.G2038A:p.D680N,EGFLAM:NM_152403:exon20:c.G2740A:p.D914N,EGFLAM:NM_001205301:exon21:c.G2764A:p.D922N | J29: Score=517;Name=lod=168 | L29: 0.000308 | N29: rs148613168 | O29: 0.06 | P29: 1 | Q29: D | R29: 1 | S29: D | T29: 0 | U29: D | V29: 0.998487 | W29: D | X29: 2.285 | Y29: medium | Z29: -1.62 | AA29: 5.46 | AB29: 2.721 | AC29: 19.6604 | AD29: 32 | AE29: 0/1 | AF29: 8 | AG29: Heterozygous | AH29: =A29&"_"&B29&"_"&D29&"_"&E29 -> chr5_38458465_G_A | AI29: =IF(ISNUMBER(MATCH(AH29,'3347_FINAL'!$AH:$AH,0)),"YES","NO") -> YES
A30: chr5 | B30: 138260348 | C30: 138260348 | D30: G | E30: T | F30: exonic | G30: CTNNA1 | H30: stopgain SNV | I30: CTNNA1:NM_001903:exon12:c.G1696T:p.G566X | J30: Score=640;Name=lod=533 | O30: 0.1 | P30: . | Q30: . | R30: . | S30: . | T30: 0 | U30: D | V30: 1 | W30: A | X30: . | Y30: . | Z30: . | AA30: 5.66 | AB30: 2.832 | AC30: 19.7203 | AD30: 42 | AE30: 1/1 | AF30: 2 | AG30: Homozygous_alt | AH30: =A30&"_"&B30&"_"&D30&"_"&E30 -> chr5_138260348_G_T | AI30: =IF(ISNUMBER(MATCH(AH30,'3347_FINAL'!$AH:$AH,0)),"YES","NO") -> NO
A31: chr6 | B31: 70978514 | C31: 70978514 | D31: C | E31: T | F31: exonic | G31: COL9A1 | H31: nonsynonymous SNV | I31: COL9A1:NM_078485:exon11:c.G551A:p.G184D,COL9A1:NM_001851:exon17:c.G1280A:p.G427D | J31: Score=537;Name=lod=203 | O31: 0 | P31: 1 | Q31: D | R31: 0.998 | S31: D | T31: 0 | U31: D | V31: 0.999368 | W31: D | X31: 4.435 | Y31: high | Z31: -5.17 | AA31: 5.54 | AB31: 2.598 | AC31: 16.4154 | AD31: 31 | AE31: 0/1 | AF31: 12 | AG31: Heterozygous | AH31: =A31&"_"&B31&"_"&D31&"_"&E31 -> chr6_70978514_C_T | AI31: =IF(ISNUMBER(MATCH(AH31,'3347_FINAL'!$AH:$AH,0)),"YES","NO") -> NO
A32: chr6 | B32: 80203467 | C32: 80203467 | D32: C | E32: T | F32: exonic | G32: LCA5 | H32: nonsynonymous SNV | I32: LCA5:NM_001122769:exon4:c.G721A:p.E241K,LCA5:NM_181714:exon5:c.G721A:p.E241K | J32: Score=333;Name=lod=30 | O32: 0.02 | P32: 0.738 | Q32: P | R32: 0.396 | S32: B | T32: 0.000335 | U32: D | V32: 0.700252 | W32: D | X32: 2.005 | Y32: medium | Z32: -0.99 | AA32: 5.42 | AB32: 2.69 | AC32: 18.1394 | AD32: 31 | AE32: 0/1 | AF32: 19 | AG32: Heterozygous | AH32: =A32&"_"&B32&"_"&D32&"_"&E32 -> chr6_80203467_C_T | AI32: =IF(ISNUMBER(MATCH(AH32,'3347_FINAL'!$AH:$AH,0)),"YES","NO") -> NO
A33: chr6 | B33: 99955383 | C33: 99955383 | D33: G | E33: A | F33: exonic | G33: USP45 | H33: stopgain SNV | I33: USP45:NM_001080481:exon4:c.C298T:p.Q100X | J33: Score=510;Name=lod=157 | O33: 0.08 | P33: . | Q33: . | R33: . | S33: . | T33: 8e-06 | U33: D | V33: 1 | W33: A | X33: . | Y33: . | Z33: . | AA33: 5.71 | AB33: 2.691 | AC33: 19.4698 | AD33: 38 | AE33: 0/1 | AF33: 8 | AG33: Heterozygous | AH33: =A33&"_"&B33&"_"&D33&"_"&E33 -> chr6_99955383_G_A | AI33: =IF(ISNUMBER(MATCH(AH33,'3347_FINAL'!$AH:$AH,0)),"YES","NO") -> NO
A34: chr6 | B34: 121481156 | C34: 121481156 | D34: C | E34: A | F34: exonic | G34: TBC1D32 | H34: nonsynonymous SNV | I34: TBC1D32:NM_152730:exon24:c.G2773T:p.D925Y | J34: Score=355;Name=lod=37 | O34: . | P34: 0.976 | Q34: D | R34: 0.83 | S34: P | T34: 0.000747 | U34: D | V34: 0.96256 | W34: D | X34: 1.87 | Y34: low | Z34: 1.84 | AA34: 5.03 | AB34: 2.479 | AC34: 18.7189 | AD34: 36 | AE34: 0/1 | AF34: 17 | AG34: Heterozygous | AH34: =A34&"_"&B34&"_"&D34&"_"&E34 -> chr6_121481156_C_A | AI34: =IF(ISNUMBER(MATCH(AH34,'3347_FINAL'!$AH:$AH,0)),"YES","NO") -> NO
A35: chr6 | B35: 121481159 | C35: 121481159 | D35: G | E35: A | F35: exonic | G35: TBC1D32 | H35: stopgain SNV | I35: TBC1D32:NM_152730:exon24:c.C2770T:p.Q924X | J35: Score=355;Name=lod=37 | O35: 0.27 | P35: . | Q35: . | R35: . | S35: . | T35: 0.002744 | U35: N | V35: 1 | W35: A | X35: . | Y35: . | Z35: . | AA35: 4.14 | AB35: 1.19 | AC35: 14.9113 | AD35: 38 | AE35: 0/1 | AF35: 18 | AG35: Heterozygous | AH35: =A35&"_"&B35&"_"&D35&"_"&E35 -> chr6_121481159_G_A | AI35: =IF(ISNUMBER(MATCH(AH35,'3347_FINAL'!$AH:$AH,0)),"YES","NO") -> NO
A36: chr6 | B36: 121625919 | C36: 121625919 | D36: C | E36: A | F36: exonic | G36: TBC1D32 | H36: stopgain SNV | I36: TBC1D32:NM_152730:exon6:c.G751T:p.E251X | J36: Score=529;Name=lod=189 | O36: 0.02 | P36: . | Q36: . | R36: . | S36: . | T36: 0.000801 | U36: D | V36: 1 | W36: A | X36: . | Y36: . | Z36: . | AA36: 4.93 | AB36: 2.272 | AC36: 18.1959 | AD36: 44 | AE36: 0/1 | AF36: 6 | AG36: Heterozygous | AH36: =A36&"_"&B36&"_"&D36&"_"&E36 -> chr6_121625919_C_A | AI36: =IF(ISNUMBER(MATCH(AH36,'3347_FINAL'!$AH:$AH,0)),"YES","NO") -> NO
A37: chr7 | B37: 23205540 | C37: 23205540 | D37: C | E37: A | F37: exonic | G37: KLHL7 | H37: nonsynonymous SNV | I37: KLHL7:NM_001031710:exon8:c.C1160A:p.S387Y,KLHL7:NM_018846:exon8:c.C1016A:p.S339Y | J37: Score=636;Name=lod=514 | O37: 0 | P37: 1 | Q37: D | R37: 0.992 | S37: D | T37: 0 | U37: D | V37: 0.998978 | W37: D | X37: 1.575 | Y37: low | Z37: 1.49 | AA37: 5.77 | AB37: 2.729 | AC37: 19.9926 | AD37: 33 | AE37: 1/1 | AF37: 2 | AG37: Homozygous_alt | AH37: =A37&"_"&B37&"_"&D37&"_"&E37 -> chr7_23205540_C_A | AI37: =IF(ISNUMBER(MATCH(AH37,'3347_FINAL'!$AH:$AH,0)),"YES","NO") -> NO
A38: chr7 | B38: 33296904 | C38: 33296904 | D38: G | E38: T | F38: exonic | G38: BBS9 | H38: stopgain SNV | I38: BBS9:NM_001033604:exon6:c.G499T:p.E167X,BBS9:NM_001033605:exon6:c.G499T:p.E167X,BBS9:NM_014451:exon6:c.G499T:p.E167X,BBS9:NM_198428:exon6:c.G499T:p.E167X | J38: Score=595;Name=lod=348 | O38: 0.08 | P38: . | Q38: . | R38: . | S38: . | T38: 0 | U38: D | V38: 1 | W38: A | X38: . | Y38: . | Z38: . | AA38: 5.86 | AB38: 2.776 | AC38: 20.2019 | AD38: 39 | AE38: 0/1 | AF38: 10 | AG38: Heterozygous | AH38: =A38&"_"&B38&"_"&D38&"_"&E38 -> chr7_33296904_G_T | AI38: =IF(ISNUMBER(MATCH(AH38,'3347_FINAL'!$AH:$AH,0)),"YES","NO") -> NO
A39: chr7 | B39: 33376229 | C39: 33376229 | D39: C | E39: A | F39: exonic | G39: BBS9 | H39: stopgain SNV | I39: BBS9:NM_001033604:exon10:c.C1193A:p.S398X,BBS9:NM_001033605:exon10:c.C1193A:p.S398X,BBS9:NM_014451:exon10:c.C1193A:p.S398X,BBS9:NM_198428:exon10:c.C1193A:p.S398X | J39: Score=536;Name=lod=202 | O39: 1 | P39: . | Q39: . | R39: . | S39: . | T39: 0.065466 | U39: N | V39: 1 | W39: A | X39: . | Y39: . | Z39: . | AA39: 3.71 | AB39: 0.679 | AC39: 10.7203 | AD39: 36 | AE39: 0/1 | AF39: 8 | AG39: Heterozygous | AH39: =A39&"_"&B39&"_"&D39&"_"&E39 -> chr7_33376229_C_A | AI39: =IF(ISNUMBER(MATCH(AH39,'3347_FINAL'!$AH:$AH,0)),"YES","NO") -> NO
A40: chr7 | B40: 33376234 | C40: 33376234 | D40: G | E40: T | F40: exonic | G40: BBS9 | H40: nonsynonymous SNV | I40: BBS9:NM_001033604:exon10:c.G1198T:p.G400C,BBS9:NM_001033605:exon10:c.G1198T:p.G400C,BBS9:NM_014451:exon10:c.G1198T:p.G400C,BBS9:NM_198428:exon10:c.G1198T:p.G400C | J40: Score=536;Name=lod=202 | O40: 0.05 | P40: 0.796 | Q40: P | R40: 0.669 | S40: P | T40: 0.002851 | U40: N | V40: . | W40: . | X40: 1.445 | Y40: low | Z40: 0.67 | AA40: 5.54 | AB40: 2.604 | AC40: 19.4774 | AD40: 33 | AE40: 0/1 | AF40: 8 | AG40: Heterozygous | AH40: =A40&"_"&B40&"_"&D40&"_"&E40 -> chr7_33376234_G_T | AI40: =IF(ISNUMBER(MATCH(AH40,'3347_FINAL'!$AH:$AH,0)),"YES","NO") -> NO
A41: chr7 | B41: 33423298 | C41: 33423298 | D41: G | E41: T | F41: exonic | G41: BBS9 | H41: stopgain SNV | I41: BBS9:NM_014451:exon16:c.G1690T:p.E564X,BBS9:NM_001033604:exon17:c.G1705T:p.E569X,BBS9:NM_001033605:exon17:c.G1795T:p.E599X,BBS9:NM_198428:exon18:c.G1810T:p.E604X | J41: Score=628;Name=lod=477 | O41: 0.05 | P41: . | Q41: . | R41: . | S41: . | T41: 9e-06 | U41: D | V41: . | W41: . | X41: . | Y41: . | Z41: . | AA41: 5.92 | AB41: 2.801 | AC41: 20.3172 | AD41: 41 | AE41: 1/1 | AF41: 1 | AG41: Homozygous_alt | AH41: =A41&"_"&B41&"_"&D41&"_"&E41 -> chr7_33423298_G_T | AI41: =IF(ISNUMBER(MATCH(AH41,'3347_FINAL'!$AH:$AH,0)),"YES","NO") -> NO
A42: chr7 | B42: 140043334 | C42: 140043334 | D42: T | E42: A | F42: exonic | G42: SLC37A3 | H42: nonsynonymous SNV | I42: SLC37A3:NM_207113:exon13:c.A1204T:p.I402F | J42: Score=601;Name=lod=369 | O42: 0 | P42: 0.984 | Q42: D | R42: 0.96 | S42: D | T42: 8.9e-05 | U42: D | V42: . | W42: . | X42: 3.465 | Y42: medium | Z42: -0.34 | AA42: 4.37 | AB42: 0.944 | AC42: 10.5905 | AD42: 33 | AE42: 0/1 | AF42: 15 | AG42: Heterozygous | AH42: =A42&"_"&B42&"_"&D42&"_"&E42 -> chr7_140043334_T_A | AI42: =IF(ISNUMBER(MATCH(AH42,'3347_FINAL'!$AH:$AH,0)),"YES","NO") -> NO
A43: chr8 | B43: 43013841 | C43: 43013841 | D43: A | E43: T | F43: exonic | G43: HGSNAT | H43: stopgain SNV | I43: HGSNAT:NM_152419:exon3:c.A358T:p.K120X | O43: 1 | P43: . | Q43: . | R43: . | S43: . | T43: 0.130907 | U43: N | V43: 1 | W43: A | X43: . | Y43: . | Z43: . | AA43: 4.88 | AB43: 1.111 | AC43: 9.0699 | AD43: 38 | AE43: 0/1 | AF43: 6 | AG43: Heterozygous | AH43: =A43&"_"&B43&"_"&D43&"_"&E43 -> chr8_43013841_A_T | AI43: =IF(ISNUMBER(MATCH(AH43,'3347_FINAL'!$AH:$AH,0)),"YES","NO") -> NO
A44: chr8 | B44: 55540515 | C44: 55540515 | D44: C | E44: A | F44: exonic | G44: RP1 | H44: stopgain SNV | I44: RP1:NM_006269:exon4:c.C4073A:p.S1358X | O44: 0.27 | P44: . | Q44: . | R44: . | S44: . | T44: 0.94382 | U44: N | V44: 1 | W44: D | X44: . | Y44: . | Z44: . | AA44: 1.97 | AB44: 0.462 | AC44: 4.0324 | AD44: 34 | AE44: 0/1 | AF44: 11 | AG44: Heterozygous | AH44: =A44&"_"&B44&"_"&D44&"_"&E44 -> chr8_55540515_C_A | AI44: =IF(ISNUMBER(MATCH(AH44,'3347_FINAL'!$AH:$AH,0)),"YES","NO") -> NO
A45: chr8 | B45: 55540946 | C45: 55540946 | D45: A | E45: T | F45: exonic | G45: RP1 | H45: stopgain SNV | I45: RP1:NM_006269:exon4:c.A4504T:p.K1502X | O45: 1 | P45: . | Q45: . | R45: . | S45: . | T45: 0.401553 | U45: N | V45: 1 | W45: D | X45: . | Y45: . | Z45: . | AA45: -1.52 | AB45: 0.062 | AC45: 0.8155 | AD45: 32 | AE45: 0/1 | AF45: 17 | AG45: Heterozygous | AH45: =A45&"_"&B45&"_"&D45&"_"&E45 -> chr8_55540946_A_T | AI45: =IF(ISNUMBER(MATCH(AH45,'3347_FINAL'!$AH:$AH,0)),"YES","NO") -> NO
A46: chr8 | B46: 87588114 | C46: 87588114 | D46: G | E46: T | F46: exonic | G46: CNGB3 | H46: stopgain SNV | I46: CNGB3:NM_019098:exon18:c.C2348A:p.S783X | J46: Score=387;Name=lod=50 | O46: 1 | P46: . | Q46: . | R46: . | S46: . | T46: 6.6e-05 | U46: D | V46: 0.999768 | W46: D | X46: . | Y46: . | Z46: . | AA46: 5.03 | AB46: 1.483 | AC46: 12.7635 | AD46: 37 | AE46: 0/1 | AF46: 10 | AG46: Heterozygous | AH46: =A46&"_"&B46&"_"&D46&"_"&E46 -> chr8_87588114_G_T | AI46: =IF(ISNUMBER(MATCH(AH46,'3347_FINAL'!$AH:$AH,0)),"YES","NO") -> YES
A47: chr8 | B47: 87588298 | C47: 87588298 | D47: C | E47: A | F47: exonic | G47: CNGB3 | H47: stopgain SNV | I47: CNGB3:NM_019098:exon18:c.G2164T:p.E722X | O47: 0.59 | P47: . | Q47: . | R47: . | S47: . | T47: 0.000422 | U47: U | V47: 1 | W47: D | X47: . | Y47: . | Z47: . | AA47: 0.399 | AB47: 0.439 | AC47: . | AD47: 33 | AE47: 0/1 | AF47: 8 | AG47: Heterozygous | AH47: =A47&"_"&B47&"_"&D47&"_"&E47 -> chr8_87588298_C_A | AI47: =IF(ISNUMBER(MATCH(AH47,'3347_FINAL'!$AH:$AH,0)),"YES","NO") -> NO
A48: chr8 | B48: 87755801 | C48: 87755801 | D48: C | E48: A | F48: exonic | G48: CNGB3 | H48: stopgain SNV | I48: CNGB3:NM_019098:exon1:c.G55T:p.E19X | O48: 0.11 | P48: . | Q48: . | R48: . | S48: . | T48: 0.571597 | U48: N | V48: 1 | W48: A | X48: . | Y48: . | Z48: . | AA48: 4.99 | AB48: 2.831 | AC48: 6.993 | AD48: 35 | AE48: 0/1 | AF48: 9 | AG48: Heterozygous | AH48: =A48&"_"&B48&"_"&D48&"_"&E48 -> chr8_87755801_C_A | AI48: =IF(ISNUMBER(MATCH(AH48,'3347_FINAL'!$AH:$AH,0)),"YES","NO") -> NO
A49: chr8 | B49: 105261015 | C49: 105261015 | D49: G | E49: T | F49: exonic | G49: RIMS2 | H49: nonsynonymous SNV | I49: RIMS2:NM_014677:exon19:c.G3005T:p.R1002L,RIMS2:NM_001100117:exon21:c.G3563T:p.R1188L | J49: Score=444;Name=lod=85 | O49: 0 | P49: 0.988 | Q49: D | R49: 0.969 | S49: D | T49: . | U49: . | V49: 1e-06 | W49: N | X49: 2.095 | Y49: medium | Z49: 1.13 | AA49: 5.34 | AB49: 2.664 | AC49: 19.4079 | AD49: 33 | AE49: 0/1 | AF49: 13 | AG49: Heterozygous | AH49: =A49&"_"&B49&"_"&D49&"_"&E49 -> chr8_105261015_G_T | AI49: =IF(ISNUMBER(MATCH(AH49,'3347_FINAL'!$AH:$AH,0)),"YES","NO") -> NO
A50: chr9 | B50: 13190123 | C50: 13190123 | D50: A | E50: T | F50: exonic | G50: MPDZ | H50: stopgain SNV | I50: MPDZ:NM_001261406:exon16:c.T2144A:p.L715X,MPDZ:NM_001261407:exon16:c.T2144A:p.L715X,MPDZ:NM_003829:exon16:c.T2144A:p.L715X | J50: Score=589;Name=lod=330 | O50: 1 | P50: . | Q50: . | R50: . | S50: . | T50: 0.002318 | U50: N | V50: 1 | W50: A | X50: . | Y50: . | Z50: . | AA50: 6.07 | AB50: 2.326 | AC50: 16.3141 | AD50: 41 | AE50: 0/1 | AF50: 14 | AG50: Heterozygous | AH50: =A50&"_"&B50&"_"&D50&"_"&E50 -> chr9_13190123_A_T | AI50: =IF(ISNUMBER(MATCH(AH50,'3347_FINAL'!$AH:$AH,0)),"YES","NO") -> NO
A51: chr9 | B51: 102992029 | C51: 102992029 | D51: G | E51: T | F51: exonic | G51: INVS | H51: nonsynonymous SNV | I51: INVS:NM_014425:exon5:c.G535T:p.D179Y,INVS:NM_183245:exon5:c.G535T:p.D179Y | J51: Score=536;Name=lod=202 | O51: 0.01 | P51: 1 | Q51: D | R51: 1 | S51: D | T51: 1e-06 | U51: D | V51: 0.999989 | W51: D | X51: 2.78 | Y51: medium | Z51: -1.09 | AA51: 5.51 | AB51: 2.58 | AC51: 19.4128 | AD51: 33 | AE51: 1/1 | AF51: 1 | AG51: Homozygous_alt | AH51: =A51&"_"&B51&"_"&D51&"_"&E51 -> chr9_102992029_G_T | AI51: =IF(ISNUMBER(MATCH(AH51,'3347_FINAL'!$AH:$AH,0)),"YES","NO") -> NO
A52: chr9 | B52: 108234263 | C52: 108234263 | D52: A | E52: T | F52: exonic | G52: FSD1L | H52: stopgain SNV | I52: FSD1L:NM_031919:exon4:c.A322T:p.K108X,FSD1L:NM_207647:exon4:c.A322T:p.K108X,FSD1L:NM_001145313:exon5:c.A418T:p.K140X | J52: Score=599;Name=lod=364 | O52: 0.62 | P52: . | Q52: . | R52: . | S52: . | T52: 0.007731 | U52: U | V52: 1 | W52: A | X52: . | Y52: . | Z52: . | AA52: 4.94 | AB52: 1.963 | AC52: 13.8612 | AD52: 39 | AE52: 0/1 | AF52: 22 | AG52: Heterozygous | AH52: =A52&"_"&B52&"_"&D52&"_"&E52 -> chr9_108234263_A_T | AI52: =IF(ISNUMBER(MATCH(AH52,'3347_FINAL'!$AH:$AH,0)),"YES","NO") -> NO
A53: chr9 | B53: 108297502 | C53: 108297502 | D53: G | E53: A | F53: exonic | G53: FSD1L | H53: stopgain SNV | I53: FSD1L:NM_207647:exon11:c.G1185A:p.W395X,FSD1L:NM_001145313:exon12:c.G1281A:p.W427X | J53: Score=683;Name=lod=797 | O53: 0.91 | P53: . | Q53: . | R53: . | S53: . | T53: 1e-06 | U53: D | V53: 1 | W53: A | X53: . | Y53: . | Z53: . | AA53: 5.79 | AB53: 2.745 | AC53: 19.0088 | AD53: 44 | AE53: 0/1 | AF53: 17 | AG53: Heterozygous | AH53: =A53&"_"&B53&"_"&D53&"_"&E53 -> chr9_108297502_G_A | AI53: =IF(ISNUMBER(MATCH(AH53,'3347_FINAL'!$AH:$AH,0)),"YES","NO") -> NO
A54: chr9 | B54: 116045679 | C54: 116045679 | D54: C | E54: A | F54: exonic | G54: PRPF4 | H54: nonsynonymous SNV | I54: PRPF4:NM_001244926:exon6:c.C571A:p.R191S,PRPF4:NM_004697:exon6:c.C574A:p.R192S | J54: Score=554;Name=lod=238 | O54: 0 | P54: 1 | Q54: D | R54: 0.994 | S54: D | T54: 4.4e-05 | U54: D | V54: 0.999999 | W54: D | X54: 2.995 | Y54: medium | Z54: -1.29 | AA54: 5.35 | AB54: 2.503 | AC54: 18.0906 | AD54: 31 | AE54: 0/1 | AF54: 12 | AG54: Heterozygous | AH54: =A54&"_"&B54&"_"&D54&"_"&E54 -> chr9_116045679_C_A | AI54: =IF(ISNUMBER(MATCH(AH54,'3347_FINAL'!$AH:$AH,0)),"YES","NO") -> YES
A55: chr9 | B55: 116045680 | C55: 116045680 | D55: G | E55: A | F55: exonic | G55: PRPF4 | H55: nonsynonymous SNV | I55: PRPF4:NM_001244926:exon6:c.G572A:p.R191H,PRPF4:NM_004697:exon6:c.G575A:p.R192H | J55: Score=554;Name=lod=238 | N55: rs41296057 | O55: 0 | P55: 1 | Q55: D | R55: 0.998 | S55: D | T55: 4.4e-05 | U55: D | V55: 0.999999 | W55: D | X55: 2.995 | Y55: medium | Z55: -1.31 | AA55: 5.35 | AB55: 2.503 | AC55: 18.0906 | AD55: 33 | AE55: 0/1 | AF55: 11 | AG55: Heterozygous | AH55: =A55&"_"&B55&"_"&D55&"_"&E55 -> chr9_116045680_G_A | AI55: =IF(ISNUMBER(MATCH(AH55,'3347_FINAL'!$AH:$AH,0)),"YES","NO") -> YES
A56: chr9 | B56: 116045683 | C56: 116045683 | D56: T | E56: A | F56: exonic | G56: PRPF4 | H56: stopgain SNV | I56: PRPF4:NM_001244926:exon6:c.T575A:p.L192X,PRPF4:NM_004697:exon6:c.T578A:p.L193X | J56: Score=554;Name=lod=238 | O56: 1 | P56: . | Q56: . | R56: . | S56: . | T56: 0.00062 | U56: D | V56: 1 | W56: A | X56: . | Y56: . | Z56: . | AA56: 5.35 | AB56: 2.027 | AC56: 14.5533 | AD56: 39 | AE56: 0/1 | AF56: 9 | AG56: Heterozygous | AH56: =A56&"_"&B56&"_"&D56&"_"&E56 -> chr9_116045683_T_A | AI56: =IF(ISNUMBER(MATCH(AH56,'3347_FINAL'!$AH:$AH,0)),"YES","NO") -> NO
A57: chr10 | B57: 27009245 | C57: 27009245 | D57: G | E57: A | F57: exonic | G57: PDSS1 | H57: nonsynonymous SNV | I57: PDSS1:NM_014317:exon6:c.G566A:p.R189Q | J57: Score=581;Name=lod=307 | O57: 0 | P57: 1 | Q57: D | R57: 1 | S57: D | T57: 0 | U57: D | V57: 0.999999 | W57: D | X57: 4.78 | Y57: high | Z57: -2.46 | AA57: 5.65 | AB57: 2.681 | AC57: 19.716 | AD57: 33 | AE57: 1/1 | AF57: 3 | AG57: Homozygous_alt | AH57: =A57&"_"&B57&"_"&D57&"_"&E57 -> chr10_27009245_G_A | AI57: =IF(ISNUMBER(MATCH(AH57,'3347_FINAL'!$AH:$AH,0)),"YES","NO") -> NO
A58: chr10 | B58: 71119772 | C58: 71119772 | D58: G | E58: T | F58: exonic | G58: HK1 | H58: stopgain SNV | I58: HK1:NM_000188:exon3:c.G346T:p.E116X,HK1:NM_033496:exon3:c.G343T:p.E115X,HK1:NM_033497:exon6:c.G358T:p.E120X,HK1:NM_033498:exon6:c.G358T:p.E120X,HK1:NM_033500:exon7:c.G310T:p.E104X | J58: Score=532;Name=lod=193 | O58: 0.25 | P58: . | Q58: . | R58: . | S58: . | T58: 1e-06 | U58: D | V58: 1 | W58: A | X58: . | Y58: . | Z58: . | AA58: 5.5 | AB58: 2.581 | AC58: 19.3691 | AD58: 41 | AE58: 1/1 | AF58: 1 | AG58: Homozygous_alt | AH58: =A58&"_"&B58&"_"&D58&"_"&E58 -> chr10_71119772_G_T | AI58: =IF(ISNUMBER(MATCH(AH58,'3347_FINAL'!$AH:$AH,0)),"YES","NO") -> NO
A59: chr10 | B59: 71160824 | C59: 71160824 | D59: G | E59: A | F59: exonic | G59: HK1 | H59: nonsynonymous SNV | I59: HK1:NM_000188:exon18:c.G2687A:p.G896D,HK1:NM_033496:exon18:c.G2684A:p.G895D,HK1:NM_033497:exon21:c.G2699A:p.G900D,HK1:NM_033498:exon21:c.G2699A:p.G900D,HK1:NM_033500:exon22:c.G2651A:p.G884D | J59: Score=419;Name=lod=67 | O59: 0 | P59: 1 | Q59: D | R59: 1 | S59: D | T59: 0 | U59: N | V59: 0.999983 | W59: D | X59: 4.035 | Y59: high | Z59: -8.25 | AA59: 5.78 | AB59: 2.89 | AC59: 20.3681 | AD59: 32 | AE59: 0/1 | AF59: 15 | AG59: Heterozygous | AH59: =A59&"_"&B59&"_"&D59&"_"&E59 -> chr10_71160824_G_A | AI59: =IF(ISNUMBER(MATCH(AH59,'3347_FINAL'!$AH:$AH,0)),"YES","NO") -> NO
A60: chr10 | B60: 73326672 | C60: 73326672 | D60: C | E60: G | F60: exonic | G60: CDH23 | H60: stopgain SNV | I60: CDH23:NM_001171930:exon7:c.C603G:p.Y201X,CDH23:NM_001171931:exon7:c.C603G:p.Y201X,CDH23:NM_001171932:exon7:c.C603G:p.Y201X,CDH23:NM_022124:exon7:c.C603G:p.Y201X,CDH23:NM_052836:exon7:c.C603G:p.Y201X | J60: Score=593;Name=lod=342 | O60: 1 | P60: . | Q60: . | R60: . | S60: . | T60: 1.5e-05 | U60: D | V60: 1 | W60: A | X60: . | Y60: . | Z60: . | AA60: 3.73 | AB60: 1.385 | AC60: 9.8811 | AD60: 37 | AE60: 0/1 | AF60: 5 | AG60: Heterozygous | AH60: =A60&"_"&B60&"_"&D60&"_"&E60 -> chr10_73326672_C_G | AI60: =IF(ISNUMBER(MATCH(AH60,'3347_FINAL'!$AH:$AH,0)),"YES","NO") -> NO
A61: chr10 | B61: 102541113 | C61: 102541113 | D61: C | E61: T | F61: exonic | G61: PAX2 | H61: nonsynonymous SNV | I61: PAX2:NM_000278:exon5:c.C607T:p.R203C,PAX2:NM_003987:exon5:c.C607T:p.R203C,PAX2:NM_003988:exon5:c.C607T:p.R203C,PAX2:NM_003989:exon5:c.C607T:p.R203C,PAX2:NM_003990:exon5:c.C607T:p.R203C | J61: Score=660;Name=lod=641 | O61: 0.03 | P61: 1 | Q61: D | R61: 0.999 | S61: D | T61: 0.058215 | U61: N | V61: 0.999859 | W61: D | X61: 2.34 | Y61: medium | Z61: -6.53 | AA61: 5.61 | AB61: 2.638 | AC61: 18.6317 | AD61: 34 | AE61: 0/1 | AF61: 10 | AG61: Heterozygous | AH61: =A61&"_"&B61&"_"&D61&"_"&E61 -> chr10_102541113_C_T | AI61: =IF(ISNUMBER(MATCH(AH61,'3347_FINAL'!$AH:$AH,0)),"YES","NO") -> NO
A62: chr10 | B62: 102541114 | C62: 102541114 | D62: G | E62: A | F62: exonic | G62: PAX2 | H62: nonsynonymous SNV | I62: PAX2:NM_000278:exon5:c.G608A:p.R203H,PAX2:NM_003987:exon5:c.G608A:p.R203H,PAX2:NM_003988:exon5:c.G608A:p.R203H,PAX2:NM_003989:exon5:c.G608A:p.R203H,PAX2:NM_003990:exon5:c.G608A:p.R203H | J62: Score=660;Name=lod=641 | M62: 0.0005 | N62: rs201089410 | O62: 0.11 | P62: 1 | Q62: D | R62: 0.999 | S62: D | T62: 0.058215 | U62: N | V62: 0.999275 | W62: D | X62: 1.19 | Y62: low | Z62: -6.5 | AA62: 5.61 | AB62: 2.638 | AC62: 18.6317 | AD62: 31 | AE62: 0/1 | AF62: 9 | AG62: Heterozygous | AH62: =A62&"_"&B62&"_"&D62&"_"&E62 -> chr10_102541114_G_A | AI62: =IF(ISNUMBER(MATCH(AH62,'3347_FINAL'!$AH:$AH,0)),"YES","NO") -> NO
A63: chr11 | B63: 8122398 | C63: 8122398 | D63: G | E63: A | F63: exonic | G63: TUB | H63: stopgain SNV | I63: TUB:NM_177972:exon11:c.G1241A:p.W414X,TUB:NM_003320:exon12:c.G1406A:p.W469X | J63: Score=596;Name=lod=351 | O63: 1 | P63: . | Q63: . | R63: . | S63: . | T63: 0 | U63: D | V63: 1 | W63: A | X63: . | Y63: . | Z63: . | AA63: 5.19 | AB63: 2.593 | AC63: 19.0496 | AD63: 53 | AE63: 0/1 | AF63: 3 | AG63: Heterozygous | AH63: =A63&"_"&B63&"_"&D63&"_"&E63 -> chr11_8122398_G_A | AI63: =IF(ISNUMBER(MATCH(AH63,'3347_FINAL'!$AH:$AH,0)),"YES","NO") -> NO
A64: chr11 | B64: 12901321 | C64: 12901321 | D64: G | E64: A | F64: exonic | G64: TEAD1 | H64: nonsynonymous SNV | I64: TEAD1:NM_021961:exon6:c.G397A:p.A133T | J64: Score=611;Name=lod=407 | O64: 0.01 | P64: 0.999 | Q64: D | R64: 0.988 | S64: D | T64: 0 | U64: D | V64: 0.999913 | W64: D | X64: 3.175 | Y64: medium | Z64: 1.31 | AA64: 6.06 | AB64: 2.871 | AC64: 20.2233 | AD64: 32 | AE64: 0/1 | AF64: 3 | AG64: Heterozygous | AH64: =A64&"_"&B64&"_"&D64&"_"&E64 -> chr11_12901321_G_A | AI64: =IF(ISNUMBER(MATCH(AH64,'3347_FINAL'!$AH:$AH,0)),"YES","NO") -> NO
A65: chr11 | B65: 17532018 | C65: 17532018 | D65: A | E65: T | F65: exonic | G65: USH1C | H65: stopgain SNV | I65: USH1C:NM_153676:exon17:c.T1464A:p.Y488X | J65: Score=618;Name=lod=432 | O65: 1 | P65: . | Q65: . | R65: . | S65: . | T65: 0.031449 | U65: N | V65: 1 | W65: A | X65: . | Y65: . | Z65: . | AA65: -3.54 | AB65: -0.568 | AC65: 14.1851 | AD65: 35 | AE65: 1/1 | AF65: 1 | AG65: Homozygous_alt | AH65: =A65&"_"&B65&"_"&D65&"_"&E65 -> chr11_17532018_A_T | AI65: =IF(ISNUMBER(MATCH(AH65,'3347_FINAL'!$AH:$AH,0)),"YES","NO") -> NO
A66: chr11 | B66: 59540767 | C66: 59540767 | D66: G | E66: T | F66: exonic | G66: STX3 | H66: nonsynonymous SNV | I66: STX3:NM_001178040:exon2:c.G114T:p.E38D,STX3:NM_004177:exon2:c.G114T:p.E38D | J66: Score=491;Name=lod=132 | O66: 0.08 | P66: 0.866 | Q66: P | R66: 0.489 | S66: P | T66: 1e-06 | U66: D | V66: . | W66: . | X66: 1.385 | Y66: low | Z66: 2.21 | AA66: 5.21 | AB66: 2.708 | AC66: 14.119 | AD66: 33 | AE66: 0/1 | AF66: 17 | AG66: Heterozygous | AH66: =A66&"_"&B66&"_"&D66&"_"&E66 -> chr11_59540767_G_T | AI66: =IF(ISNUMBER(MATCH(AH66,'3347_FINAL'!$AH:$AH,0)),"YES","NO") -> NO
A67: chr11 | B67: 64519517 | C67: 64519517 | D67: G | E67: C | F67: exonic | G67: PYGM | H67: stopgain SNV | I67: PYGM:NM_001164716:exon12:c.C1383G:p.Y461X,PYGM:NM_005609:exon14:c.C1647G:p.Y549X | J67: Score=329;Name=lod=29 | O67: 1 | P67: . | Q67: . | R67: . | S67: . | T67: 9.2e-05 | U67: D | V67: 1 | W67: A | X67: . | Y67: . | Z67: . | AA67: 2.64 | AB67: 0.667 | AC67: 7.6312 | AD67: 36 | AE67: 0/1 | AF67: 9 | AG67: Heterozygous | AH67: =A67&"_"&B67&"_"&D67&"_"&E67 -> chr11_64519517_G_C | AI67: =IF(ISNUMBER(MATCH(AH67,'3347_FINAL'!$AH:$AH,0)),"YES","NO") -> NO
A68: chr11 | B68: 86663043 | C68: 86663043 | D68: T | E68: A | F68: exonic | G68: FZD4 | H68: nonsynonymous SNV | I68: FZD4:NM_012193:exon2:c.A755T:p.E252V | J68: Score=670;Name=lod=705 | O68: . | P68: 1 | Q68: D | R68: 0.999 | S68: D | T68: 0 | U68: D | V68: 0.999633 | W68: D | X68: 3.16 | Y68: medium | Z68: -2.05 | AA68: 5.69 | AB68: 2.17 | AC68: 15.9544 | AD68: 32 | AE68: 0/1 | AF68: 6 | AG68: Heterozygous | AH68: =A68&"_"&B68&"_"&D68&"_"&E68 -> chr11_86663043_T_A | AI68: =IF(ISNUMBER(MATCH(AH68,'3347_FINAL'!$AH:$AH,0)),"YES","NO") -> NO
A69: chr11 | B69: 103182625 | C69: 103182625 | D69: A | E69: T | F69: exonic | G69: DYNC2H1 | H69: stopgain SNV | I69: DYNC2H1:NM_001377:exon79:c.A11512T:p.K3838X,DYNC2H1:NM_001080463:exon80:c.A11533T:p.K3845X | J69: Score=604;Name=lod=380 | O69: 0.56 | P69: . | Q69: . | R69: . | S69: . | T69: 0 | U69: D | V69: 1 | W69: A | X69: . | Y69: . | Z69: . | AA69: 4.69 | AB69: 1.743 | AC69: 14.1533 | AD69: 53 | AE69: 0/1 | AF69: 7 | AG69: Heterozygous | AH69: =A69&"_"&B69&"_"&D69&"_"&E69 -> chr11_103182625_A_T | AI69: =IF(ISNUMBER(MATCH(AH69,'3347_FINAL'!$AH:$AH,0)),"YES","NO") -> NO
A70: chr12 | B70: 48377904 | C70: 48377904 | D70: C | E70: A | F70: exonic | G70: COL2A1 | H70: nonsynonymous SNV | I70: COL2A1:NM_033150:exon28:c.G1700T:p.G567V,COL2A1:NM_001844:exon29:c.G1907T:p.G636V | J70: Score=528;Name=lod=187 | O70: 0 | P70: 0.84 | Q70: P | R70: 0.647 | S70: P | T70: 0.000104 | U70: D | V70: 0.999962 | W70: D | X70: 3.67 | Y70: high | Z70: -3.95 | AA70: 5.18 | AB70: 2.688 | AC70: 17.6222 | AD70: 32 | AE70: 1/1 | AF70: 1 | AG70: Homozygous_alt | AH70: =A70&"_"&B70&"_"&D70&"_"&E70 -> chr12_48377904_C_A | AI70: =IF(ISNUMBER(MATCH(AH70,'3347_FINAL'!$AH:$AH,0)),"YES","NO") -> NO
A71: chr12 | B71: 48380856 | C71: 48380856 | D71: C | E71: A | F71: intronic | G71: COL2A1 | J71: Score=471;Name=lod=109 | AD71: 34 | AE71: 0/1 | AF71: 12 | AG71: Heterozygous | AH71: =A71&"_"&B71&"_"&D71&"_"&E71 -> chr12_48380856_C_A | AI71: =IF(ISNUMBER(MATCH(AH71,'3347_FINAL'!$AH:$AH,0)),"YES","NO") -> NO
A72: chr12 | B72: 48391841 | C72: 48391841 | D72: C | E72: A | F72: exonic | G72: COL2A1 | H72: stopgain SNV | I72: COL2A1:NM_033150:exon4:c.G142T:p.G48X,COL2A1:NM_001844:exon5:c.G349T:p.G117X | J72: Score=539;Name=lod=206 | O72: 0 | P72: . | Q72: . | R72: . | S72: . | T72: 0 | U72: D | V72: . | W72: . | X72: . | Y72: . | Z72: . | AA72: 5.04 | AB72: 2.531 | AC72: 17.5346 | AD72: 38 | AE72: 0/1 | AF72: 4 | AG72: Heterozygous | AH72: =A72&"_"&B72&"_"&D72&"_"&E72 -> chr12_48391841_C_A | AI72: =IF(ISNUMBER(MATCH(AH72,'3347_FINAL'!$AH:$AH,0)),"YES","NO") -> NO
A73: chr12 | B73: 88443191 | C73: 88443191 | D73: C | E73: T | F73: exonic | G73: CEP290 | H73: nonsynonymous SNV | I73: CEP290:NM_025114:exon54:c.G7210A:p.E2404K | J73: Score=383;Name=lod=48 | K73: Score=0.9294;Name=chr8:89498004 | O73: 0.34 | P73: 0.981 | Q73: D | R73: 0.676 | S73: P | T73: 0.001432 | U73: N | V73: . | W73: . | X73: 2.08 | Y73: medium | Z73: -0.18 | AA73: 5.67 | AB73: 2.662 | AC73: 19.7607 | AD73: 34 | AE73: 1/1 | AF73: 4 | AG73: Homozygous_alt | AH73: =A73&"_"&B73&"_"&D73&"_"&E73 -> chr12_88443191_C_T | AI73: =IF(ISNUMBER(MATCH(AH73,'3347_FINAL'!$AH:$AH,0)),"YES","NO") -> NO
A74: chr12 | B74: 120960022 | C74: 120960022 | D74: C | E74: T | F74: exonic | G74: COQ5 | H74: nonsynonymous SNV | I74: COQ5:NM_032314:exon2:c.G347A:p.G116D | J74: Score=507;Name=lod=154 | O74: 0 | P74: 1 | Q74: D | R74: 1 | S74: D | T74: 1e-06 | U74: D | V74: 0.999999 | W74: D | X74: 4.42 | Y74: high | Z74: -3.73 | AA74: 5.71 | AB74: 2.699 | AC74: 19.4644 | AD74: 32 | AE74: 0/1 | AF74: 10 | AG74: Heterozygous | AH74: =A74&"_"&B74&"_"&D74&"_"&E74 -> chr12_120960022_C_T | AI74: =IF(ISNUMBER(MATCH(AH74,'3347_FINAL'!$AH:$AH,0)),"YES","NO") -> NO
A75: chr12 | B75: 120960023 | C75: 120960023 | D75: C | E75: T | F75: exonic | G75: COQ5 | H75: nonsynonymous SNV | I75: COQ5:NM_032314:exon2:c.G346A:p.G116S | J75: Score=507;Name=lod=154 | O75: 0 | P75: 1 | Q75: D | R75: 1 | S75: D | T75: 1e-06 | U75: N | V75: 0.999997 | W75: D | X75: 4.42 | Y75: high | Z75: -3.71 | AA75: 5.71 | AB75: 2.699 | AC75: 19.4644 | AD75: 32 | AE75: 0/1 | AF75: 10 | AG75: Heterozygous | AH75: =A75&"_"&B75&"_"&D75&"_"&E75 -> chr12_120960023_C_T | AI75: =IF(ISNUMBER(MATCH(AH75,'3347_FINAL'!$AH:$AH,0)),"YES","NO") -> NO
A76: chr12 | B76: 120960025 | C76: 120960025 | D76: C | E76: A | F76: exonic | G76: COQ5 | H76: nonsynonymous SNV | I76: COQ5:NM_032314:exon2:c.G344T:p.G115V | J76: Score=507;Name=lod=154 | O76: 0 | P76: 1 | Q76: D | R76: 1 | S76: D | T76: 0 | U76: D | V76: 0.999999 | W76: D | X76: 2.875 | Y76: medium | Z76: -0.44 | AA76: 5.71 | AB76: 2.699 | AC76: 19.4644 | AD76: 33 | AE76: 0/1 | AF76: 10 | AG76: Heterozygous | AH76: =A76&"_"&B76&"_"&D76&"_"&E76 -> chr12_120960025_C_A | AI76: =IF(ISNUMBER(MATCH(AH76,'3347_FINAL'!$AH:$AH,0)),"YES","NO") -> NO
A77: chr12 | B77: 120960026 | C77: 120960026 | D77: C | E77: T | F77: exonic | G77: COQ5 | H77: nonsynonymous SNV | I77: COQ5:NM_032314:exon2:c.G343A:p.G115R | J77: Score=507;Name=lod=154 | O77: 0 | P77: 1 | Q77: D | R77: 1 | S77: D | T77: 0 | U77: D | V77: 0.999999 | W77: D | X77: 3.85 | Y77: high | Z77: -0.47 | AA77: 5.71 | AB77: 2.699 | AC77: 19.4644 | AD77: 33 | AE77: 0/1 | AF77: 10 | AG77: Heterozygous | AH77: =A77&"_"&B77&"_"&D77&"_"&E77 -> chr12_120960026_C_T | AI77: =IF(ISNUMBER(MATCH(AH77,'3347_FINAL'!$AH:$AH,0)),"YES","NO") -> NO
A78: chr12 | B78: 123741553 | C78: 123741553 | D78: G | E78: A | F78: exonic | G78: C12orf65 | H78: stopgain SNV | I78: C12orf65:NM_001143905:exon3:c.G476A:p.W159X,C12orf65:NM_001194995:exon3:c.G476A:p.W159X,C12orf65:NM_152269:exon3:c.G476A:p.W159X | J78: Score=251;Name=lod=14 | O78: 0.16 | P78: . | Q78: . | R78: . | S78: . | T78: 0.125804 | U78: N | V78: 0.967719 | W78: D | X78: . | Y78: . | Z78: . | AA78: 4.24 | AB78: 2.784 | AC78: 6.908 | AD78: 36 | AE78: 0/1 | AF78: 11 | AG78: Heterozygous | AH78: =A78&"_"&B78&"_"&D78&"_"&E78 -> chr12_123741553_G_A | AI78: =IF(ISNUMBER(MATCH(AH78,'3347_FINAL'!$AH:$AH,0)),"YES","NO") -> NO
A79: chr13 | B79: 42439892 | C79: 42439892 | D79: C | E79: A | F79: exonic | G79: VWA8 | H79: stopgain SNV | I79: VWA8:NM_001009814:exon12:c.G1405T:p.E469X,VWA8:NM_015058:exon12:c.G1405T:p.E469X | J79: Score=611;Name=lod=404 | O79: 0.1 | P79: . | Q79: . | R79: . | S79: . | T79: 1e-06 | U79: D | V79: 1 | W79: A | X79: . | Y79: . | Z79: . | AA79: 5.3 | AB79: 2.631 | AC79: 19.3149 | AD79: 40 | AE79: 0/1 | AF79: 9 | AG79: Heterozygous | AH79: =A79&"_"&B79&"_"&D79&"_"&E79 -> chr13_42439892_C_A | AI79: =IF(ISNUMBER(MATCH(AH79,'3347_FINAL'!$AH:$AH,0)),"YES","NO") -> NO
A80: chr13 | B80: 49030329 | C80: 49030329 | D80: A | E80: G | F80: intronic | G80: RB1 | J80: Score=486;Name=lod=126 | AD80: 33 | AE80: 0/1 | AF80: 12 | AG80: Heterozygous | AH80: =A80&"_"&B80&"_"&D80&"_"&E80 -> chr13_49030329_A_G | AI80: =IF(ISNUMBER(MATCH(AH80,'3347_FINAL'!$AH:$AH,0)),"YES","NO") -> NO
A81: chr13 | B81: 49030331 | C81: 49030331 | D81: T | E81: G | F81: intronic | G81: RB1 | J81: Score=486;Name=lod=126 | AD81: 34 | AE81: 0/1 | AF81: 12 | AG81: Heterozygous | AH81: =A81&"_"&B81&"_"&D81&"_"&E81 -> chr13_49030331_T_G | AI81: =IF(ISNUMBER(MATCH(AH81,'3347_FINAL'!$AH:$AH,0)),"YES","NO") -> NO
A82: chr14 | B82: 76349069 | C82: 76349069 | D82: G | E82: A | F82: exonic | G82: TTLL5 | H82: stopgain SNV | I82: TTLL5:NM_015072:exon30:c.G3564A:p.W1188X | J82: Score=272;Name=lod=17 | O82: 0.12 | P82: . | Q82: . | R82: . | S82: . | T82: 0.106666 | U82: N | V82: 1 | W82: A | X82: . | Y82: . | Z82: . | AA82: 5.9 | AB82: 2.806 | AC82: 12.7346 | AD82: 40 | AE82: 0/1 | AF82: 5 | AG82: Heterozygous | AH82: =A82&"_"&B82&"_"&D82&"_"&E82 -> chr14_76349069_G_A | AI82: =IF(ISNUMBER(MATCH(AH82,'3347_FINAL'!$AH:$AH,0)),"YES","NO") -> NO
A83: chr14 | B83: 88904569 | C83: 88904569 | D83: G | E83: T | F83: exonic | G83: SPATA7 | H83: stopgain SNV | I83: SPATA7:NM_001040428:exon11:c.G1507T:p.E503X,SPATA7:NM_018418:exon12:c.G1603T:p.E535X | O83: 0.08 | P83: . | Q83: . | R83: . | S83: . | T83: 0.366151 | U83: N | V83: 1 | W83: D | X83: . | Y83: . | Z83: . | AA83: 3.48 | AB83: 0.905 | AC83: 7.3615 | AD83: 35 | AE83: 0/1 | AF83: 13 | AG83: Heterozygous | AH83: =A83&"_"&B83&"_"&D83&"_"&E83 -> chr14_88904569_G_T | AI83: =IF(ISNUMBER(MATCH(AH83,'3347_FINAL'!$AH:$AH,0)),"YES","NO") -> NO
A84: chr15 | B84: 31294999 | C84: 31294999 | D84: C | E84: A | F84: exonic | G84: TRPM1 | H84: stopgain SNV | I84: TRPM1:NM_001252020:exon27:c.G3955T:p.E1319X,TRPM1:NM_002420:exon27:c.G3838T:p.E1280X,TRPM1:NM_001252024:exon28:c.G3904T:p.E1302X | J84: Score=336;Name=lod=31 | O84: 0.18 | P84: . | Q84: . | R84: . | S84: . | T84: 0.000112 | U84: D | V84: 1 | W84: D | X84: . | Y84: . | Z84: . | AA84: 4.96 | AB84: 2.293 | AC84: 18.2341 | AD84: 42 | AE84: 0/1 | AF84: 14 | AG84: Heterozygous | AH84: =A84&"_"&B84&"_"&D84&"_"&E84 -> chr15_31294999_C_A | AI84: =IF(ISNUMBER(MATCH(AH84,'3347_FINAL'!$AH:$AH,0)),"YES","NO") -> NO
A85: chr15 | B85: 73007740 | C85: 73007740 | D85: C | E85: A | F85: exonic | G85: BBS4 | H85: nonsynonymous SNV | I85: BBS4:NM_033028:exon5:c.C329A:p.S110Y | J85: Score=581;Name=lod=306 | O85: 0.09 | P85: 1 | Q85: D | R85: 0.994 | S85: D | T85: 0 | U85: D | V85: 0.999957 | W85: D | X85: 1.79 | Y85: low | Z85: -0.06 | AA85: 5.36 | AB85: 2.527 | AC85: 17.8718 | AD85: 31 | AE85: 0/1 | AF85: 12 | AG85: Heterozygous | AH85: =A85&"_"&B85&"_"&D85&"_"&E85 -> chr15_73007740_C_A | AI85: =IF(ISNUMBER(MATCH(AH85,'3347_FINAL'!$AH:$AH,0)),"YES","NO") -> NO
A86: chr15 | B86: 76668639 | C86: 76668639 | D86: G | E86: A | F86: exonic | G86: SCAPER | H86: nonsynonymous SNV | I86: SCAPER:NM_020843:exon28:c.C3719T:p.A1240V,SCAPER:NM_001145923:exon29:c.C2981T:p.A994V | J86: Score=546;Name=lod=221 | O86: 0.02 | P86: 0.994 | Q86: D | R86: 0.89 | S86: P | T86: 0 | U86: D | V86: . | W86: . | X86: 1.845 | Y86: low | Z86: 1.86 | AA86: 5.85 | AB86: 2.767 | AC86: 20.1531 | AD86: 32 | AE86: 0/1 | AF86: 10 | AG86: Heterozygous | AH86: =A86&"_"&B86&"_"&D86&"_"&E86 -> chr15_76668639_G_A | AI86: =IF(ISNUMBER(MATCH(AH86,'3347_FINAL'!$AH:$AH,0)),"YES","NO") -> NO
A87: chr16 | B87: 72130279 | C87: 72130279 | D87: A | E87: T | F87: exonic | G87: DHX38 | H87: stopgain SNV | I87: DHX38:NM_014003:exon2:c.A223T:p.K75X | J87: Score=576;Name=lod=291 | O87: 1 | P87: . | Q87: . | R87: . | S87: . | T87: 0.000508 | U87: D | V87: 1 | W87: A | X87: . | Y87: . | Z87: . | AA87: 3.59 | AB87: 0.748 | AC87: 10.7186 | AD87: 35 | AE87: 0/1 | AF87: 4 | AG87: Heterozygous | AH87: =A87&"_"&B87&"_"&D87&"_"&E87 -> chr16_72130279_A_T | AI87: =IF(ISNUMBER(MATCH(AH87,'3347_FINAL'!$AH:$AH,0)),"YES","NO") -> NO
A88: chr16 | B88: 72141297 | C88: 72141297 | D88: C | E88: T | F88: exonic | G88: DHX38 | H88: stopgain SNV | I88: DHX38:NM_014003:exon20:c.C2659T:p.Q887X | J88: Score=587;Name=lod=324 | O88: 0 | P88: . | Q88: . | R88: . | S88: . | T88: 0 | U88: D | V88: 1 | W88: A | X88: . | Y88: . | Z88: . | AA88: 5.28 | AB88: 2.745 | AC88: 18.7055 | AD88: 45 | AE88: 0/1 | AF88: 3 | AG88: Heterozygous | AH88: =A88&"_"&B88&"_"&D88&"_"&E88 -> chr16_72141297_C_T | AI88: =IF(ISNUMBER(MATCH(AH88,'3347_FINAL'!$AH:$AH,0)),"YES","NO") -> NO
A89: chr16 | B89: 77369782 | C89: 77369782 | D89: C | E89: T | F89: exonic | G89: ADAMTS18 | H89: nonsynonymous SNV | I89: ADAMTS18:NM_199355:exon12:c.G1730A:p.C577Y | J89: Score=532;Name=lod=193 | O89: 0 | P89: 1 | Q89: D | R89: 1 | S89: D | T89: 0 | U89: D | V89: 0.99775 | W89: D | X89: 3.89 | Y89: high | Z89: 0.01 | AA89: 5.74 | AB89: 2.712 | AC89: 18.9284 | AD89: 32 | AE89: 0/1 | AF89: 10 | AG89: Heterozygous | AH89: =A89&"_"&B89&"_"&D89&"_"&E89 -> chr16_77369782_C_T | AI89: =IF(ISNUMBER(MATCH(AH89,'3347_FINAL'!$AH:$AH,0)),"YES","NO") -> YES
A90: chr17 | B90: 1584954 | C90: 1584954 | D90: C | E90: T | F90: exonic | G90: PRPF8 | H90: stopgain SNV | I90: PRPF8:NM_006445:exon6:c.G684A:p.W228X | J90: Score=574;Name=lod=288 | O90: 1 | P90: . | Q90: . | R90: . | S90: . | T90: 0 | U90: D | V90: 1 | W90: A | X90: . | Y90: . | Z90: . | AA90: 5.7 | AB90: 2.694 | AC90: 19.8379 | AD90: 39 | AE90: 0/1 | AF90: 12 | AG90: Heterozygous | AH90: =A90&"_"&B90&"_"&D90&"_"&E90 -> chr17_1584954_C_T | AI90: =IF(ISNUMBER(MATCH(AH90,'3347_FINAL'!$AH:$AH,0)),"YES","NO") -> NO
A91: chr17 | B91: 6367155 | C91: 6367155 | D91: C | E91: A | F91: exonic | G91: PITPNM3 | H91: nonsynonymous SNV | I91: PITPNM3:NM_001165966:exon16:c.G2095T:p.G699C,PITPNM3:NM_031220:exon17:c.G2203T:p.G735C | J91: Score=582;Name=lod=309 | O91: 0.02 | P91: 1 | Q91: D | R91: 0.978 | S91: D | T91: 6e-06 | U91: D | V91: 0.008265 | W91: N | X91: 2.77 | Y91: medium | Z91: -0.69 | AA91: 5.13 | AB91: 2.393 | AC91: 16.0752 | AD91: 33 | AE91: 0/1 | AF91: 3 | AG91: Heterozygous | AH91: =A91&"_"&B91&"_"&D91&"_"&E91 -> chr17_6367155_C_A | AI91: =IF(ISNUMBER(MATCH(AH91,'3347_FINAL'!$AH:$AH,0)),"YES","NO") -> NO
A92: chr17 | B92: 36484030 | C92: 36484030 | D92: C | E92: A | F92: exonic | G92: GPR179 | H92: stopgain SNV | I92: GPR179:NM_001004334:exon11:c.G5422T:p.E1808X | O92: 0.13 | P92: . | Q92: . | R92: . | S92: . | T92: 0.02238 | U92: N | V92: 1 | W92: D | X92: . | Y92: . | Z92: . | AA92: 3.98 | AB92: 1.295 | AC92: 8.8498 | AD92: 35 | AE92: 0/1 | AF92: 12 | AG92: Heterozygous | AH92: =A92&"_"&B92&"_"&D92&"_"&E92 -> chr17_36484030_C_A | AI92: =IF(ISNUMBER(MATCH(AH92,'3347_FINAL'!$AH:$AH,0)),"YES","NO") -> NO
A93: chr17 | B93: 66347726 | C93: 66347726 | D93: C | E93: A | F93: exonic | G93: ARSG | H93: stopgain SNV | I93: ARSG:NM_001267727:exon5:c.C465A:p.Y155X,ARSG:NM_014960:exon5:c.C465A:p.Y155X | J93: Score=532;Name=lod=194 | O93: 1 | P93: . | Q93: . | R93: . | S93: . | T93: 7e-06 | U93: D | V93: 1 | W93: A | X93: . | Y93: . | Z93: . | AA93: 3.4 | AB93: 0.804 | AC93: 6.4988 | AD93: 38 | AE93: 0/1 | AF93: 6 | AG93: Heterozygous | AH93: =A93&"_"&B93&"_"&D93&"_"&E93 -> chr17_66347726_C_A | AI93: =IF(ISNUMBER(MATCH(AH93,'3347_FINAL'!$AH:$AH,0)),"YES","NO") -> NO
A94: chr17 | B94: 72919143 | C94: 72919143 | D94: G | E94: A | F94: exonic | G94: USH1G | H94: synonymous SNV | I94: USH1G:NM_173477:exon1:c.T26T:p.M9M | J94: Score=713;Name=lod=1050 | O94: 0.08 | P94: 1 | Q94: D | R94: 0.992 | S94: D | T94: 0 | U94: D | V94: 0.998848 | W94: D | X94: 2.52 | Y94: medium | Z94: 1.2 | AA94: 4.12 | AB94: 2.127 | AC94: 16.5632 | AD94: 31 | AE94: 1/1 | AF94: 1 | AG94: Homozygous_alt | AH94: =A94&"_"&B94&"_"&D94&"_"&E94 -> chr17_72919143_G_A | AI94: =IF(ISNUMBER(MATCH(AH94,'3347_FINAL'!$AH:$AH,0)),"YES","NO") -> NO
A95: chr17 | B95: 72919146 | C95: 72919146 | D95: G | E95: T | F95: exonic | G95: USH1G | H95: nonsynonymous SNV | I95: USH1G:NM_173477:exon1:c.G23A:p.G8E | J95: Score=713;Name=lod=1050 | O95: 0 | P95: 1 | Q95: D | R95: 1 | S95: D | T95: 0 | U95: D | V95: 0.99939 | W95: D | X95: 2.545 | Y95: medium | Z95: 0.54 | AA95: 4.12 | AB95: 2.127 | AC95: 16.5632 | AD95: 32 | AE95: 1/1 | AF95: 1 | AG95: Homozygous_alt | AH95: =A95&"_"&B95&"_"&D95&"_"&E95 -> chr17_72919146_G_T | AI95: =IF(ISNUMBER(MATCH(AH95,'3347_FINAL'!$AH:$AH,0)),"YES","NO") -> NO
A96: chr18 | B96: 6947271 | C96: 6947271 | D96: G | E96: T | F96: exonic | G96: LAMA1 | H96: stopgain SNV | I96: LAMA1:NM_005559:exon61:c.C8735A:p.S2912X | O96: 0.83 | P96: . | Q96: . | R96: . | S96: . | T96: 7.9e-05 | U96: D | V96: 1 | W96: A | X96: . | Y96: . | Z96: . | AA96: 5.03 | AB96: 1.48 | AC96: 14.1793 | AD96: 38 | AE96: 1/1 | AF96: 1 | AG96: Homozygous_alt | AH96: =A96&"_"&B96&"_"&D96&"_"&E96 -> chr18_6947271_G_T | AI96: =IF(ISNUMBER(MATCH(AH96,'3347_FINAL'!$AH:$AH,0)),"YES","NO") -> NO
A97: chr18 | B97: 6985639 | C97: 6985639 | D97: T | E97: A | F97: exonic | G97: LAMA1 | H97: stopgain SNV | I97: LAMA1:NM_005559:exon38:c.A5383T:p.K1795X | J97: Score=321;Name=lod=27 | O97: 1 | P97: . | Q97: . | R97: . | S97: . | T97: 0.000397 | U97: D | V97: 1 | W97: A | X97: . | Y97: . | Z97: . | AA97: 4.43 | AB97: 0.954 | AC97: 10.0107 | AD97: 41 | AE97: 1/1 | AF97: 1 | AG97: Homozygous_alt | AH97: =A97&"_"&B97&"_"&D97&"_"&E97 -> chr18_6985639_T_A | AI97: =IF(ISNUMBER(MATCH(AH97,'3347_FINAL'!$AH:$AH,0)),"YES","NO") -> NO
A98: chr18 | B98: 12344187 | C98: 12344187 | D98: C | E98: T | F98: exonic | G98: AFG3L2 | H98: nonsynonymous SNV | I98: AFG3L2:NM_006796:exon14:c.G1723A:p.E575K | J98: Score=474;Name=lod=113 | K98: Score=0.910795;Name=chr8:43122248 | O98: 0 | P98: 0.966 | Q98: D | R98: 0.602 | S98: P | T98: 0 | U98: D | V98: 1 | W98: D | X98: 4 | Y98: high | Z98: -2.71 | AA98: 4.61 | AB98: 2.392 | AC98: 17.6237 | AD98: 33 | AE98: 0/1 | AF98: 6 | AG98: Heterozygous | AH98: =A98&"_"&B98&"_"&D98&"_"&E98 -> chr18_12344187_C_T | AI98: =IF(ISNUMBER(MATCH(AH98,'3347_FINAL'!$AH:$AH,0)),"YES","NO") -> YES
A99: chr18 | B99: 12358731 | C99: 12358731 | D99: C | E99: T | F99: exonic | G99: AFG3L2 | H99: nonsynonymous SNV | I99: AFG3L2:NM_006796:exon8:c.G964A:p.E322K | J99: Score=640;Name=lod=531 | O99: 0 | P99: 1 | Q99: D | R99: 0.961 | S99: D | T99: 0 | U99: D | V99: 0.998769 | W99: D | X99: 4.505 | Y99: high | Z99: -2.91 | AA99: 5.76 | AB99: 2.718 | AC99: 19.9664 | AD99: 32 | AE99: 0/1 | AF99: 5 | AG99: Heterozygous | AH99: =A99&"_"&B99&"_"&D99&"_"&E99 -> chr18_12358731_C_T | AI99: =IF(ISNUMBER(MATCH(AH99,'3347_FINAL'!$AH:$AH,0)),"YES","NO") -> NO
A100: chr18 | B100: 12359984 | C100: 12359984 | D100: C | E100: A | F100: exonic | G100: AFG3L2 | H100: stopgain SNV | I100: AFG3L2:NM_006796:exon7:c.G694T:p.E232X | J100: Score=575;Name=lod=289 | O100: 0.13 | P100: . | Q100: . | R100: . | S100: . | T100: 0 | U100: D | V100: 1 | W100: A | X100: . | Y100: . | Z100: . | AA100: 4.87 | AB100: 2.407 | AC100: 18.374 | AD100: 40 | AE100: 0/1 | AF100: 8 | AG100: Heterozygous | AH100: =A100&"_"&B100&"_"&D100&"_"&E100 -> chr18_12359984_C_A | AI100: =IF(ISNUMBER(MATCH(AH100,'3347_FINAL'!$AH:$AH,0)),"YES","NO") -> NO
...
